word,length,velocity_x,velocity_y
огромным,0.3899999999999997,9.895833333333334,10.416666666666668
