word,length,velocity_x,velocity_y
вся,0.30000000000001137,3.819444444444444,14.23611111111111
