word,length,velocity_x,velocity_y
столкнуться,0.8100000000000023,8.912037037037035,17.939814814814813
