word,length,velocity_x,velocity_y
жить,0.18000000000000682,12.5,14.583333333333334
