word,length,velocity_x,velocity_y
жить,0.4200000000000159,12.760416666666666,9.375
