word,length,velocity_x,velocity_y
жить,0.20999999999997954,19.444444444444443,8.333333333333332
