word,length,velocity_x,velocity_y
экономики,0.660000000000025,5.059523809523809,6.845238095238096
