word,length,velocity_x,velocity_y
экономики,0.5699999999999363,22.048611111111107,14.930555555555555
