word,length,velocity_x,velocity_y
отношения,0.57000000000005,8.506944444444443,13.715277777777777
