word,length,velocity_x,velocity_y
подписан,0.6000000000000227,15.705128205128204,11.858974358974358
