word,length,velocity_x,velocity_y
аркадия,0.5399999999999636,7.291666666666667,13.020833333333332
