word,length,velocity_x,velocity_y
становятся,0.39000000000010004,15.773809523809526,8.333333333333334
