word,length,velocity_x,velocity_y
работать,0.5099999999999909,6.041666666666668,12.500000000000004
