word,length,velocity_x,velocity_y
чернобыля,0.6600000000000001,18.055555555555554,24.861111111111107
