word,length,velocity_x,velocity_y
быстрого,0.539999999999992,14.409722222222223,28.993055555555557
