word,length,velocity_x,velocity_y
музыка,0.38999999999998636,9.895833333333332,20.833333333333332
