word,length,velocity_x,velocity_y
говоря,0.6599999999999682,8.482142857142858,11.607142857142858
