word,length,velocity_x,velocity_y
говоря,0.2400000000000091,30.208333333333336,21.875
