word,length,velocity_x,velocity_y
говоря,0.2400000000000091,8.333333333333332,17.708333333333336
