word,length,velocity_x,velocity_y
говоря,0.5099999999999909,8.90151515151515,9.46969696969697
