word,length,velocity_x,velocity_y
говоря,0.36000000000001364,21.13095238095238,12.5
