word,length,velocity_x,velocity_y
говоря,0.2400000000000091,13.541666666666668,15.625
