word,length,velocity_x,velocity_y
говоря,0.3000000000001819,11.805555555555554,11.111111111111112
