word,length,velocity_x,velocity_y
говоря,0.20999999999999375,12.5,19.791666666666664
