word,length,velocity_x,velocity_y
говоря,0.29999999999998295,8.333333333333332,10.0
