word,length,velocity_x,velocity_y
говоря,0.18000000000000682,42.70833333333333,13.541666666666666
