word,length,velocity_x,velocity_y
говоря,0.44999999999998863,7.916666666666666,15.416666666666668
