word,length,velocity_x,velocity_y
говоря,0.21000000000003638,10.416666666666668,10.416666666666668
