word,length,velocity_x,velocity_y
обыкновение,0.4800000000000182,25.0,25.624999999999996
