word,length,velocity_x,velocity_y
больных,0.4199999999999591,8.59375,8.854166666666666
