word,length,velocity_x,velocity_y
обещаю,0.4499999999999318,18.51851851851852,33.56481481481482
