word,length,velocity_x,velocity_y
назвал,0.38999999999998636,7.8125,9.635416666666668
