word,length,velocity_x,velocity_y
передвигаться,0.7199999999999989,22.265625,17.317708333333336
