word,length,velocity_x,velocity_y
туманно,0.45000000000000284,17.824074074074076,21.064814814814817
