word,length,velocity_x,velocity_y
платформа,0.75,13.602941176470587,33.70098039215686
