word,length,velocity_x,velocity_y
киев,0.36000000000001364,8.333333333333334,14.880952380952378
