word,length,velocity_x,velocity_y
ценят,0.38999999999998636,7.142857142857142,20.535714285714285
