word,length,velocity_x,velocity_y
раз,0.2400000000000091,14.583333333333334,20.3125
