word,length,velocity_x,velocity_y
раз,0.42000000000007276,13.194444444444448,28.703703703703702
