word,length,velocity_x,velocity_y
приватности,0.6599999999999682,23.214285714285715,21.726190476190478
