word,length,velocity_x,velocity_y
детский,0.3299999999999841,58.333333333333336,53.81944444444445
