word,length,velocity_x,velocity_y
пятом,0.39000000000010004,7.03125,16.927083333333332
