word,length,velocity_x,velocity_y
оценивали,0.6005860000000212,8.814102564102564,13.461538461538462
