word,length,velocity_x,velocity_y
инициативе,0.5999999999999659,7.211538461538463,16.50641025641026
