word,length,velocity_x,velocity_y
самоотверженно,0.5400000000000205,22.569444444444443,46.527777777777786
