word,length,velocity_x,velocity_y
отраслевых,0.6300000000000026,4.613095238095237,12.5
