word,length,velocity_x,velocity_y
делом,0.2699999999999818,9.895833333333334,21.354166666666664
