word,length,velocity_x,velocity_y
соответственно,0.7199999999999989,10.286458333333332,11.588541666666666
