word,length,velocity_x,velocity_y
соответственно,0.5400000000000205,11.458333333333332,22.569444444444446
