word,length,velocity_x,velocity_y
сплошная,0.4200000000000159,48.95833333333333,40.10416666666667
