word,length,velocity_x,velocity_y
увеличению,0.6599999999999682,8.928571428571427,19.94047619047619
