word,length,velocity_x,velocity_y
удержаться,0.6299999999999955,6.249999999999999,14.434523809523808
