word,length,velocity_x,velocity_y
помешал,0.4800000000000004,11.25,19.166666666666668
