word,length,velocity_x,velocity_y
участников,0.6000000000000227,6.08974358974359,9.935897435897436
