word,length,velocity_x,velocity_y
участников,0.6599999999999682,3.5714285714285707,7.440476190476191
