word,length,velocity_x,velocity_y
неудивительно,0.8999999999999773,9.722222222222223,21.527777777777775
