word,length,velocity_x,velocity_y
пользователями,0.7799999999999727,13.773148148148149,14.120370370370368
