word,length,velocity_x,velocity_y
правда,0.44999999999998863,7.499999999999998,10.416666666666668
