word,length,velocity_x,velocity_y
правда,0.4800000000000182,7.708333333333332,16.25
