word,length,velocity_x,velocity_y
продукты,0.57000000000005,6.25,9.027777777777777
