word,length,velocity_x,velocity_y
джава,0.362871000000041,21.428571428571427,44.345238095238095
