word,length,velocity_x,velocity_y
джава,0.2699999999999818,7.8125,22.916666666666668
