word,length,velocity_x,velocity_y
джава,0.3299999999999841,10.76388888888889,11.805555555555554
