word,length,velocity_x,velocity_y
джава,0.38999999999998636,15.104166666666666,19.791666666666664
