word,length,velocity_x,velocity_y
джава,0.2400000000000091,36.97916666666667,12.5
