word,length,velocity_x,velocity_y
молодец,0.5099999999999909,21.666666666666664,19.583333333333332
