word,length,velocity_x,velocity_y
реактивного,0.5700000000000003,9.775641025641026,21.63461538461538
