word,length,velocity_x,velocity_y
уровня,0.38999999999998636,12.202380952380953,18.45238095238095
