word,length,velocity_x,velocity_y
всей,0.2400000000000091,4.6875,8.333333333333332
