word,length,velocity_x,velocity_y
готовят,0.44999999999998863,8.541666666666666,12.291666666666664
