word,length,velocity_x,velocity_y
языки,0.3300000000000054,13.194444444444445,35.06944444444445
