word,length,velocity_x,velocity_y
чипов,0.360000000000003,10.119047619047619,19.94047619047619
