word,length,velocity_x,velocity_y
понять,0.3599999999999852,7.440476190476191,28.869047619047617
