word,length,velocity_x,velocity_y
десяти,0.2999999999999545,10.069444444444443,9.722222222222223
