word,length,velocity_x,velocity_y
десяти,0.38999999999998636,7.552083333333333,25.78125
