word,length,velocity_x,velocity_y
музыкальными,0.8400000000000318,23.574561403508767,36.622807017543856
