word,length,velocity_x,velocity_y
адама,0.42000000000007276,17.12962962962963,26.620370370370374
