word,length,velocity_x,velocity_y
объективная,0.509999999999998,10.416666666666666,11.931818181818182
