word,length,velocity_x,velocity_y
рейтинг,0.38999999999998636,6.510416666666666,10.9375
