word,length,velocity_x,velocity_y
основном,0.47999999999998977,17.708333333333336,26.875
