word,length,velocity_x,velocity_y
основном,0.4199999999999875,9.722222222222221,17.129629629629626
