word,length,velocity_x,velocity_y
основном,0.44999999999998863,32.291666666666664,17.083333333333332
