word,length,velocity_x,velocity_y
продуктов,0.5699999999999932,11.805555555555554,19.618055555555557
