word,length,velocity_x,velocity_y
вообще-то,0.6899999999999409,6.944444444444445,29.30555555555555
