word,length,velocity_x,velocity_y
высшего,0.36000000000001364,9.821428571428571,14.880952380952378
