word,length,velocity_x,velocity_y
кода,0.3300000000000409,8.035714285714286,28.273809523809522
