word,length,velocity_x,velocity_y
тысяч,0.5999999999999943,16.666666666666664,42.467948717948715
