word,length,velocity_x,velocity_y
тысяч,0.3300000000000409,6.944444444444445,8.333333333333332
