word,length,velocity_x,velocity_y
тысяч,0.38999999999998636,6.770833333333334,17.447916666666664
