word,length,velocity_x,velocity_y
тысяч,0.35999999999989996,5.357142857142856,6.845238095238096
