word,length,velocity_x,velocity_y
тысяч,0.38999999999998636,5.729166666666666,22.135416666666664
