word,length,velocity_x,velocity_y
тысяч,0.38999999999998636,13.020833333333334,24.479166666666668
