word,length,velocity_x,velocity_y
тысяч,0.4499999999999318,14.814814814814817,16.89814814814815
