word,length,velocity_x,velocity_y
тысяч,0.21000000000003638,11.805555555555557,9.722222222222221
