word,length,velocity_x,velocity_y
тысяч,0.4500000000000455,20.0,37.49999999999999
