word,length,velocity_x,velocity_y
тысяч,0.4199999999999591,14.843750000000004,24.21875
