word,length,velocity_x,velocity_y
тысяч,0.36000000000001364,9.226190476190474,13.988095238095235
