word,length,velocity_x,velocity_y
тысяч,0.4200000000000159,7.4074074074074066,14.120370370370368
