word,length,velocity_x,velocity_y
тысяч,0.42000000000007276,41.66666666666667,69.67592592592591
