word,length,velocity_x,velocity_y
вам,0.17999999999994998,9.722222222222223,63.888888888888886
