word,length,velocity_x,velocity_y
вам,0.21000000000003638,14.0625,42.70833333333333
