word,length,velocity_x,velocity_y
вам,0.14999999999986358,33.333333333333336,28.125
