word,length,velocity_x,velocity_y
вам,0.3299999999999841,5.902777777777777,47.22222222222223
