word,length,velocity_x,velocity_y
вам,0.20999999999997954,6.944444444444444,36.11111111111111
