word,length,velocity_x,velocity_y
друга,0.35999999999989996,10.416666666666668,15.77380952380952
