word,length,velocity_x,velocity_y
выпускаться,0.6299999999999955,5.654761904761905,14.285714285714285
