word,length,velocity_x,velocity_y
исправить,0.6616410000000315,13.333333333333334,40.416666666666664
