word,length,velocity_x,velocity_y
лифт,0.4800000000000182,6.666666666666668,14.791666666666666
