word,length,velocity_x,velocity_y
отрасли,0.6000000000000227,7.852564102564102,7.8525641025640995
