word,length,velocity_x,velocity_y
нише,0.29999999999999716,10.416666666666668,13.541666666666666
