word,length,velocity_x,velocity_y
заявлении,0.47999999999998977,12.499999999999996,23.333333333333332
