word,length,velocity_x,velocity_y
миллиардов,0.4799999999997908,34.583333333333336,38.95833333333334
