word,length,velocity_x,velocity_y
миллиардов,0.4800000000000182,46.04166666666666,14.375000000000002
