word,length,velocity_x,velocity_y
миллиардов,0.6899999999999977,4.583333333333332,13.88888888888889
