word,length,velocity_x,velocity_y
миллиардов,0.5399999999999636,7.465277777777778,14.236111111111112
