word,length,velocity_x,velocity_y
миллиардов,0.5399999999999636,8.854166666666668,20.833333333333336
