word,length,velocity_x,velocity_y
миллиардов,0.6899999999998272,4.7222222222222205,7.361111111111112
