word,length,velocity_x,velocity_y
сами,0.3527930000000197,21.180555555555554,16.319444444444443
