word,length,velocity_x,velocity_y
сами,0.2699999999999818,13.541666666666668,20.312500000000004
