word,length,velocity_x,velocity_y
сами,0.3300000000000409,15.625000000000004,24.65277777777778
