word,length,velocity_x,velocity_y
испытать,0.5999999999999659,8.653846153846153,21.634615384615387
