word,length,velocity_x,velocity_y
центр,0.41384800000000155,31.01851851851852,20.13888888888889
