word,length,velocity_x,velocity_y
стоит,0.2400000000000091,20.312500000000004,48.95833333333333
