word,length,velocity_x,velocity_y
хороших,0.42000000000007276,25.46296296296296,14.351851851851851
