word,length,velocity_x,velocity_y
органов,0.47999999999998977,15.624999999999996,21.45833333333333
