word,length,velocity_x,velocity_y
вызывает,0.57000000000005,14.930555555555555,19.444444444444446
