word,length,velocity_x,velocity_y
ресурсов,0.6299999999999955,9.970238095238097,27.827380952380953
