word,length,velocity_x,velocity_y
подписали,0.6600000000000819,27.5297619047619,16.666666666666664
