word,length,velocity_x,velocity_y
подписчиков,0.7105659999999716,8.055555555555555,15.694444444444445
