word,length,velocity_x,velocity_y
крэйн,0.36000000000001364,8.928571428571429,39.285714285714285
