word,length,velocity_x,velocity_y
контекстной,0.4800000000000182,8.541666666666666,12.708333333333332
