word,length,velocity_x,velocity_y
контекстной,0.5099999999999909,6.4393939393939394,13.25757575757576
