word,length,velocity_x,velocity_y
костюмы,0.6899999999999409,29.557291666666664,23.828125
