word,length,velocity_x,velocity_y
аналитики,0.5699999999999363,6.597222222222221,9.722222222222223
