word,length,velocity_x,velocity_y
скобок,0.38999999999998636,48.958333333333336,28.125000000000007
