word,length,velocity_x,velocity_y
является,0.39000000000000057,20.3125,23.177083333333336
