word,length,velocity_x,velocity_y
три,0.17999999999994998,5.208333333333333,9.375
