word,length,velocity_x,velocity_y
три,0.5699999999999363,10.937500000000002,42.88194444444444
