word,length,velocity_x,velocity_y
три,0.18000000000000682,2.083333333333333,12.499999999999998
