word,length,velocity_x,velocity_y
три,0.2699999999999818,16.25,10.416666666666668
