word,length,velocity_x,velocity_y
три,0.3300000000000409,9.374999999999998,24.65277777777778
