word,length,velocity_x,velocity_y
три,0.21000000000003638,5.208333333333333,11.979166666666668
