word,length,velocity_x,velocity_y
три,0.2099999999999227,5.729166666666666,8.333333333333332
