word,length,velocity_x,velocity_y
три,0.38999999999998636,7.291666666666667,26.5625
