word,length,velocity_x,velocity_y
как,0.27000000000001023,21.354166666666668,11.979166666666666
