word,length,velocity_x,velocity_y
как,0.1500000000000341,8.333333333333332,27.083333333333332
