word,length,velocity_x,velocity_y
как,0.20999999999999375,6.25,15.972222222222221
