word,length,velocity_x,velocity_y
как,0.18000000000000682,6.944444444444444,13.88888888888889
