word,length,velocity_x,velocity_y
как,0.1799999999999784,5.208333333333333,34.375
