word,length,velocity_x,velocity_y
как,0.21000000000000796,9.722222222222223,47.222222222222214
