word,length,velocity_x,velocity_y
как,0.4800000000000182,10.833333333333332,17.708333333333332
