word,length,velocity_x,velocity_y
как,0.2400000000000091,4.6875,16.145833333333336
