word,length,velocity_x,velocity_y
как,0.17999999999994998,7.291666666666666,56.25
