word,length,velocity_x,velocity_y
как,0.18000000000000682,6.25,13.194444444444445
