word,length,velocity_x,velocity_y
как,0.18000000000000682,8.333333333333332,11.11111111111111
