word,length,velocity_x,velocity_y
как,0.21000000000003638,3.472222222222222,16.666666666666664
