word,length,velocity_x,velocity_y
как,0.14999999999997726,39.58333333333333,70.83333333333334
