word,length,velocity_x,velocity_y
как,0.15000000000000013,27.083333333333332,64.58333333333334
