word,length,velocity_x,velocity_y
как,0.14999999999999858,13.541666666666666,20.833333333333332
