word,length,velocity_x,velocity_y
как,0.18000000000000682,11.805555555555554,9.722222222222223
