word,length,velocity_x,velocity_y
как,0.14999999999997726,11.458333333333334,11.458333333333334
