word,length,velocity_x,velocity_y
как,0.21000000000003638,106.25,21.354166666666668
