word,length,velocity_x,velocity_y
как,0.18000000000006366,30.208333333333336,46.875
