word,length,velocity_x,velocity_y
как,0.18000000000006366,11.111111111111112,16.666666666666664
