word,length,velocity_x,velocity_y
как,0.36000000000012733,19.940476190476193,10.416666666666666
