word,length,velocity_x,velocity_y
как,0.11999999999989086,4.166666666666666,6.25
