word,length,velocity_x,velocity_y
как,0.20999999999999375,16.145833333333336,8.333333333333332
