word,length,velocity_x,velocity_y
как,0.1799999999999926,13.541666666666668,23.958333333333336
