word,length,velocity_x,velocity_y
любопытно,0.6567189999999954,11.527777777777779,23.75
