word,length,velocity_x,velocity_y
существенно,0.5099999999999909,43.33333333333333,25.208333333333332
