word,length,velocity_x,velocity_y
надеюсь,0.5999999999999943,7.53205128205128,18.75
