word,length,velocity_x,velocity_y
надеюсь,0.6000000000000227,8.012820512820513,10.897435897435896
