word,length,velocity_x,velocity_y
особо,0.39000000000000057,8.59375,10.416666666666668
