word,length,velocity_x,velocity_y
фокс,0.2400000000000091,5.208333333333334,18.229166666666664
