word,length,velocity_x,velocity_y
внимания,0.5099999999999909,12.12121212121212,39.39393939393939
