word,length,velocity_x,velocity_y
инвесторы,0.5399999999999636,9.201388888888888,35.06944444444444
