word,length,velocity_x,velocity_y
дистанционно,0.7799999999999727,6.36574074074074,19.791666666666664
