word,length,velocity_x,velocity_y
дальше,0.4200000000000017,23.4375,13.28125
