word,length,velocity_x,velocity_y
дальше,0.4800000000000182,15.833333333333332,39.16666666666667
