word,length,velocity_x,velocity_y
дальше,0.4200000000000159,10.879629629629632,10.185185185185185
