word,length,velocity_x,velocity_y
рулит,0.5699999999999932,51.388888888888886,26.215277777777775
