word,length,velocity_x,velocity_y
девелоперы,0.539999999999992,7.8125,24.826388888888886
