word,length,velocity_x,velocity_y
требует,0.5099999999999909,14.999999999999996,21.249999999999996
