word,length,velocity_x,velocity_y
требует,0.5099999999999909,9.84848484848485,34.46969696969697
