word,length,velocity_x,velocity_y
среди,0.4199999999998454,4.62962962962963,19.444444444444446
