word,length,velocity_x,velocity_y
среди,0.32999999999992724,5.208333333333334,9.027777777777777
