word,length,velocity_x,velocity_y
поле,0.27000000000001023,11.25,27.500000000000004
