word,length,velocity_x,velocity_y
поле,0.2400000000000091,13.541666666666666,50.0
