word,length,velocity_x,velocity_y
пользуюсь,0.36000000000001364,33.92857142857143,28.869047619047617
