word,length,velocity_x,velocity_y
добкин,0.5099999999999909,7.954545454545454,15.340909090909093
