word,length,velocity_x,velocity_y
телефонов,0.6599999999999966,7.5892857142857135,9.672619047619047
