word,length,velocity_x,velocity_y
динамического,0.92999999999995,5.853174603174603,16.865079365079367
