word,length,velocity_x,velocity_y
нем,0.18000000000006366,10.416666666666668,17.361111111111107
