word,length,velocity_x,velocity_y
набор,0.29999999999998295,11.25,15.416666666666664
