word,length,velocity_x,velocity_y
варианты,0.4500000000000455,9.490740740740739,13.657407407407407
