word,length,velocity_x,velocity_y
старта,0.4200000000000017,10.416666666666668,14.583333333333334
