word,length,velocity_x,velocity_y
простые,0.38999999999998636,8.92857142857143,20.238095238095237
