word,length,velocity_x,velocity_y
простые,0.44999999999998863,16.666666666666664,18.98148148148148
