word,length,velocity_x,velocity_y
простые,0.4065089999999998,25.78125,33.33333333333333
