word,length,velocity_x,velocity_y
пятьсот,0.38999999999998636,9.895833333333332,13.020833333333332
