word,length,velocity_x,velocity_y
овец,0.5400000000000027,20.659722222222225,28.472222222222225
