word,length,velocity_x,velocity_y
альянсу,0.45000000000000284,5.555555555555555,16.666666666666668
