word,length,velocity_x,velocity_y
придётся,0.44999999999998863,7.5,17.499999999999996
