word,length,velocity_x,velocity_y
придётся,0.5503129999999601,7.465277777777779,10.76388888888889
