word,length,velocity_x,velocity_y
частоты,0.5099999999999909,4.791666666666666,5.0
