word,length,velocity_x,velocity_y
ситуация,0.4499999999998181,11.041666666666664,14.583333333333332
