word,length,velocity_x,velocity_y
одномоментно,0.6299999999999955,14.583333333333332,23.36309523809524
