word,length,velocity_x,velocity_y
висит,0.5399999999999636,6.06060606060606,10.227272727272728
