word,length,velocity_x,velocity_y
небольшой,0.75,19.531250000000007,19.270833333333336
