word,length,velocity_x,velocity_y
больших,0.4499999999999318,11.342592592592592,6.944444444444445
