word,length,velocity_x,velocity_y
точно,0.34294900000008965,15.277777777777777,20.138888888888886
