word,length,velocity_x,velocity_y
точно,0.30000000000001137,27.083333333333332,33.33333333333333
