word,length,velocity_x,velocity_y
он,0.14695299999999634,18.75,30.208333333333332
