word,length,velocity_x,velocity_y
он,0.2099999999999227,6.944444444444444,25.694444444444443
