word,length,velocity_x,velocity_y
он,0.17999999999999972,15.277777777777779,50.0
