word,length,velocity_x,velocity_y
он,0.12000000000000455,25.0,39.58333333333333
