word,length,velocity_x,velocity_y
сбрасывать,0.4800000000000182,14.16666666666667,18.958333333333332
