word,length,velocity_x,velocity_y
своих,0.36000000000001364,8.928571428571427,27.38095238095238
