word,length,velocity_x,velocity_y
своих,0.2699999999999818,32.916666666666664,10.416666666666668
