word,length,velocity_x,velocity_y
нам,0.20999999999999375,68.22916666666666,14.583333333333332
