word,length,velocity_x,velocity_y
нам,0.15000000000000568,17.708333333333336,16.666666666666664
