word,length,velocity_x,velocity_y
нам,0.18000000000000682,45.13888888888889,13.88888888888889
