word,length,velocity_x,velocity_y
пайтон,0.35999999999999943,9.821428571428571,17.857142857142858
