word,length,velocity_x,velocity_y
пайтон,0.4800000000000182,12.291666666666668,10.0
