word,length,velocity_x,velocity_y
кого,0.2699999999999818,7.916666666666668,7.500000000000001
