word,length,velocity_x,velocity_y
самые,0.2699999999999818,13.333333333333334,32.08333333333333
