word,length,velocity_x,velocity_y
самые,0.5099999999999909,38.82575757575758,15.151515151515152
