word,length,velocity_x,velocity_y
стране,0.35999999999989996,11.607142857142858,26.190476190476193
