word,length,velocity_x,velocity_y
речи,0.36000000000001364,4.464285714285714,4.464285714285714
