word,length,velocity_x,velocity_y
индустрия,0.6000000000000227,6.4102564102564115,11.05769230769231
