word,length,velocity_x,velocity_y
прославились,0.6591800000001058,8.88888888888889,21.805555555555554
