word,length,velocity_x,velocity_y
событием,0.599999999999909,9.134615384615383,16.98717948717949
