word,length,velocity_x,velocity_y
сша,0.75,31.495098039215684,30.392156862745097
