word,length,velocity_x,velocity_y
сша,0.4200000000000159,8.333333333333332,22.916666666666664
