word,length,velocity_x,velocity_y
сша,0.37514599999997245,9.114583333333332,22.135416666666664
