word,length,velocity_x,velocity_y
сша,0.38999999999998636,7.03125,14.84375
