word,length,velocity_x,velocity_y
сша,0.4800000000000182,6.666666666666667,9.375000000000002
