word,length,velocity_x,velocity_y
имейте,0.36000000000012733,18.452380952380953,24.70238095238095
