word,length,velocity_x,velocity_y
разработку,0.6600000000000037,5.9523809523809526,15.327380952380953
