word,length,velocity_x,velocity_y
каким,0.4199999999999591,11.342592592592595,18.750000000000004
