word,length,velocity_x,velocity_y
по-прежнему,0.7227829999999358,10.546874999999998,22.395833333333336
