word,length,velocity_x,velocity_y
карты,0.480000000000004,12.291666666666664,18.958333333333336
