word,length,velocity_x,velocity_y
семидесяти,0.6190430000000333,5.9523809523809526,11.904761904761905
