word,length,velocity_x,velocity_y
семидесяти,0.6599999999999682,6.696428571428571,12.648809523809526
