word,length,velocity_x,velocity_y
практически,0.6299999999999955,30.95238095238095,28.42261904761905
