word,length,velocity_x,velocity_y
практически,0.5700000000000003,19.270833333333336,24.479166666666664
