word,length,velocity_x,velocity_y
практически,0.5699999999999932,53.205128205128204,23.878205128205128
