word,length,velocity_x,velocity_y
практически,0.5699999999999932,25.0,32.46527777777778
