word,length,velocity_x,velocity_y
практически,0.5100000000000051,25.946969696969695,14.393939393939394
