word,length,velocity_x,velocity_y
практически,0.7062740000000076,10.286458333333334,10.546874999999998
