word,length,velocity_x,velocity_y
практически,0.6599999999999966,22.321428571428573,19.047619047619047
