word,length,velocity_x,velocity_y
разу,0.2400000000000091,38.020833333333336,18.229166666666668
