word,length,velocity_x,velocity_y
невозможно,0.8400000000000318,10.526315789473683,20.614035087719298
