word,length,velocity_x,velocity_y
естественно,0.4500000000000455,20.625,11.041666666666668
