word,length,velocity_x,velocity_y
скажу,0.32999999999992724,10.416666666666668,9.375
