word,length,velocity_x,velocity_y
один,0.2400000000000091,12.5,20.833333333333336
