word,length,velocity_x,velocity_y
один,0.30000000000001137,6.597222222222222,5.902777777777779
