word,length,velocity_x,velocity_y
один,0.3300000000000409,9.722222222222223,16.319444444444446
