word,length,velocity_x,velocity_y
лимитов,0.4310159999999996,9.114583333333332,18.489583333333332
