word,length,velocity_x,velocity_y
гаджеты,0.6000000000000227,9.775641025641027,15.224358974358976
