word,length,velocity_x,velocity_y
сих,0.21000000000003638,22.916666666666664,25.0
