word,length,velocity_x,velocity_y
себе,0.1572359999999975,15.625,29.166666666666668
