word,length,velocity_x,velocity_y
себе,0.3000000000000682,5.555555555555555,10.416666666666668
