word,length,velocity_x,velocity_y
вырулил,0.44999999999998863,6.458333333333334,10.416666666666668
