word,length,velocity_x,velocity_y
спрос,0.4200000000000159,4.947916666666666,10.9375
