word,length,velocity_x,velocity_y
двадцати,0.5099999999999909,9.46969696969697,16.098484848484848
