word,length,velocity_x,velocity_y
какой,0.29999999999998295,12.916666666666664,15.833333333333332
