word,length,velocity_x,velocity_y
агентство,0.45000000000001705,9.722222222222223,9.49074074074074
