word,length,velocity_x,velocity_y
обращении,0.6900000000000546,9.722222222222223,13.888888888888888
