word,length,velocity_x,velocity_y
тащиться,0.4200000000000159,8.333333333333332,11.458333333333332
