word,length,velocity_x,velocity_y
нашего,0.4199999999999875,8.564814814814815,16.666666666666668
