word,length,velocity_x,velocity_y
закреплять,0.57000000000005,11.217948717948719,28.525641025641026
