word,length,velocity_x,velocity_y
специалисту,0.8700000000000045,31.907894736842103,18.640350877192983
