word,length,velocity_x,velocity_y
проблемам,0.660000000000025,62.499999999999986,19.64285714285714
