word,length,velocity_x,velocity_y
разработчики,0.7200000000000273,7.682291666666667,20.572916666666664
