word,length,velocity_x,velocity_y
разработчики,0.8099999999999454,19.188596491228076,29.385964912280706
