word,length,velocity_x,velocity_y
человека,0.5400000000000773,7.386363636363637,15.530303030303031
