word,length,velocity_x,velocity_y
человека,0.6299999999999955,5.9523809523809526,8.928571428571429
