word,length,velocity_x,velocity_y
человека,0.5099999999999909,13.636363636363638,31.060606060606055
