word,length,velocity_x,velocity_y
человека,0.6299999999999955,4.326923076923077,11.05769230769231
