word,length,velocity_x,velocity_y
двадцать,0.41654300000004696,5.729166666666666,10.416666666666668
