word,length,velocity_x,velocity_y
двадцать,0.44999999999998863,9.49074074074074,11.342592592592595
