word,length,velocity_x,velocity_y
двадцать,0.4800000000000182,15.208333333333332,24.375
