word,length,velocity_x,velocity_y
двадцать,0.4199999999999591,7.03125,11.197916666666666
