word,length,velocity_x,velocity_y
двадцать,0.4199999999999591,9.25925925925926,20.37037037037037
