word,length,velocity_x,velocity_y
двадцать,0.4500000000000455,6.481481481481483,8.333333333333332
