word,length,velocity_x,velocity_y
винт,0.3299999999999841,5.902777777777777,14.930555555555555
