word,length,velocity_x,velocity_y
капитализации,0.6900000000000546,12.36111111111111,22.36111111111111
