word,length,velocity_x,velocity_y
заразил,0.5099999999999909,4.356060606060605,9.848484848484848
