word,length,velocity_x,velocity_y
переход,0.5699999999999932,7.638888888888888,19.444444444444446
