word,length,velocity_x,velocity_y
потому,0.27000000000001023,37.91666666666667,36.66666666666667
