word,length,velocity_x,velocity_y
потому,0.2699999999999996,21.25,34.166666666666664
