word,length,velocity_x,velocity_y
потому,0.202998000000008,33.33333333333333,9.722222222222223
