word,length,velocity_x,velocity_y
потому,0.27000000000003865,9.375,14.583333333333332
