word,length,velocity_x,velocity_y
потому,0.2699999999999818,11.666666666666666,11.25
