word,length,velocity_x,velocity_y
у,0.38999999999998636,11.718750000000002,18.229166666666664
