word,length,velocity_x,velocity_y
у,0.14999999999986358,13.541666666666668,25.0
