word,length,velocity_x,velocity_y
незнамо,0.4200000000000159,12.239583333333332,14.84375
