word,length,velocity_x,velocity_y
стороны,0.2999999999999545,25.833333333333336,15.416666666666668
