word,length,velocity_x,velocity_y
несколько,0.44999999999998863,22.70833333333333,46.875
