word,length,velocity_x,velocity_y
несколько,0.5399999999999991,6.944444444444445,20.138888888888886
