word,length,velocity_x,velocity_y
бизнеса,0.6299999999999955,5.208333333333334,6.25
