word,length,velocity_x,velocity_y
более-менее,0.4500000000000455,10.000000000000002,18.125
