word,length,velocity_x,velocity_y
учиться,0.4499999999998181,56.71296296296296,20.13888888888889
