word,length,velocity_x,velocity_y
учиться,0.36000000000001364,14.583333333333334,27.083333333333332
