word,length,velocity_x,velocity_y
людям,0.2999999999999545,43.33333333333334,44.58333333333334
