word,length,velocity_x,velocity_y
приятно,0.6299999999999955,10.56547619047619,32.4404761904762
