word,length,velocity_x,velocity_y
подтверждение,0.596029999999999,17.467948717948715,18.42948717948718
