word,length,velocity_x,velocity_y
смысле,0.31748999999996386,40.277777777777786,39.23611111111111
