word,length,velocity_x,velocity_y
смысле,0.42000000000007276,16.145833333333332,43.75
