word,length,velocity_x,velocity_y
перешагнул,0.5699999999999363,4.340277777777777,15.972222222222221
