word,length,velocity_x,velocity_y
добавил,0.5699999999999932,29.86111111111111,30.381944444444446
