word,length,velocity_x,velocity_y
добавил,0.38999999999998636,10.714285714285714,11.904761904761905
