word,length,velocity_x,velocity_y
смартфонов,0.6599999999999682,5.654761904761905,13.095238095238097
