word,length,velocity_x,velocity_y
кейта,0.57000000000005,19.230769230769234,29.807692307692307
