word,length,velocity_x,velocity_y
распространён,0.5699999999999932,23.95833333333333,19.791666666666664
