word,length,velocity_x,velocity_y
тем,0.2400000000000091,17.708333333333332,25.520833333333332
