word,length,velocity_x,velocity_y
тем,0.1799999999999926,39.58333333333333,25.0
