word,length,velocity_x,velocity_y
тем,0.18000000000000682,13.194444444444445,9.027777777777777
