word,length,velocity_x,velocity_y
тем,0.18000000000000682,11.458333333333334,19.791666666666664
