word,length,velocity_x,velocity_y
деньги,0.32999999999992724,14.236111111111112,27.430555555555557
