word,length,velocity_x,velocity_y
деньги,0.42000000000007276,6.018518518518518,11.11111111111111
