word,length,velocity_x,velocity_y
файле,0.38999999999998636,10.9375,16.40625
