word,length,velocity_x,velocity_y
мониторить,0.6899999999999409,6.380208333333333,24.348958333333336
