word,length,velocity_x,velocity_y
тошноты,0.41499899999996614,22.22222222222222,18.055555555555554
