word,length,velocity_x,velocity_y
ванкувер,0.57000000000005,9.722222222222221,27.777777777777775
