word,length,velocity_x,velocity_y
хороший,0.38255100000003495,23.80952380952381,26.785714285714285
