word,length,velocity_x,velocity_y
батарейки,0.6900000000000546,60.69444444444445,24.999999999999996
