word,length,velocity_x,velocity_y
инструмент,0.47999999999996135,9.791666666666666,11.875000000000002
