word,length,velocity_x,velocity_y
люблю,0.32999999999992724,27.777777777777775,15.625
