word,length,velocity_x,velocity_y
андроид,0.4200000000000159,9.635416666666666,9.895833333333332
