word,length,velocity_x,velocity_y
андроид,0.47999999999998977,15.208333333333336,23.125
