word,length,velocity_x,velocity_y
ментора,0.4800000000000182,8.124999999999998,21.666666666666664
