word,length,velocity_x,velocity_y
утверждают,0.6300000000000523,8.493589743589743,6.250000000000002
