word,length,velocity_x,velocity_y
играть,0.2999999999999545,19.166666666666664,14.166666666666666
