word,length,velocity_x,velocity_y
нашем,0.2999999999999545,11.25,14.583333333333332
