word,length,velocity_x,velocity_y
проблем,0.39000000000000057,9.375,38.54166666666667
