word,length,velocity_x,velocity_y
проблем,0.5399999999999636,24.826388888888896,33.33333333333333
