word,length,velocity_x,velocity_y
никому,0.44999999999998863,12.73148148148148,23.61111111111111
