word,length,velocity_x,velocity_y
ли,0.08999999999991815,12.5,10.416666666666668
