word,length,velocity_x,velocity_y
ли,0.13678700000002664,6.25,35.41666666666667
