word,length,velocity_x,velocity_y
ли,0.12000000000000455,10.416666666666668,6.25
