word,length,velocity_x,velocity_y
самое,0.3900000000000148,8.59375,11.197916666666668
