word,length,velocity_x,velocity_y
самое,0.27000000000003865,19.166666666666664,20.833333333333332
