word,length,velocity_x,velocity_y
мест,0.2400000000000091,7.291666666666667,6.770833333333334
