word,length,velocity_x,velocity_y
бета,0.30000000000001137,6.25,29.51388888888889
