word,length,velocity_x,velocity_y
бета,0.2999999999999545,6.666666666666667,13.333333333333334
