word,length,velocity_x,velocity_y
первый,0.39000000000000057,8.593750000000002,11.458333333333332
