word,length,velocity_x,velocity_y
первый,0.45000000000000284,4.62962962962963,12.5
