word,length,velocity_x,velocity_y
первый,0.38999999999998636,8.333333333333334,12.239583333333332
