word,length,velocity_x,velocity_y
бабушку,0.5400000000000773,47.222222222222214,34.89583333333333
