word,length,velocity_x,velocity_y
именно,0.45000000000001705,20.833333333333332,31.66666666666667
