word,length,velocity_x,velocity_y
именно,0.4200000000000159,9.722222222222223,21.296296296296294
