word,length,velocity_x,velocity_y
помимо,0.39000000000000057,14.583333333333334,28.90625
