word,length,velocity_x,velocity_y
помимо,0.4199999999999875,14.0625,14.322916666666666
