word,length,velocity_x,velocity_y
какую,0.2400000000000091,14.0625,20.833333333333332
