word,length,velocity_x,velocity_y
мира,0.30000000000001137,11.25,10.416666666666668
