word,length,velocity_x,velocity_y
мира,0.36000000000012733,6.547619047619048,20.53571428571428
