word,length,velocity_x,velocity_y
мира,0.32999999999992724,7.986111111111112,11.11111111111111
