word,length,velocity_x,velocity_y
убиваем,0.5700000000000216,5.555555555555556,10.069444444444443
