word,length,velocity_x,velocity_y
медленного,0.57000000000005,9.722222222222223,14.930555555555555
