word,length,velocity_x,velocity_y
взять,0.3300000000000409,5.902777777777779,20.138888888888886
