word,length,velocity_x,velocity_y
взять,0.3299999999999983,10.069444444444446,17.361111111111107
