word,length,velocity_x,velocity_y
огромный,0.5699999999999932,9.722222222222221,28.645833333333332
