word,length,velocity_x,velocity_y
скоростью,0.5700000000000003,8.854166666666668,26.041666666666668
