word,length,velocity_x,velocity_y
распространялся,0.839999999999975,8.662280701754385,9.868421052631579
