word,length,velocity_x,velocity_y
инструмента,0.9000000000000057,27.395833333333336,33.229166666666664
