word,length,velocity_x,velocity_y
девять,0.2933939999999211,6.944444444444444,9.027777777777777
