word,length,velocity_x,velocity_y
девять,0.5399999999999636,21.006944444444446,39.409722222222214
