word,length,velocity_x,velocity_y
девять,0.2699999999999818,22.083333333333336,7.916666666666665
