word,length,velocity_x,velocity_y
лидирует,0.7572949999999992,22.671568627450984,101.59313725490196
