word,length,velocity_x,velocity_y
использованием,0.660000000000025,6.9940476190476195,14.43452380952381
