word,length,velocity_x,velocity_y
заявил,0.3300000000000409,7.986111111111109,7.986111111111112
