word,length,velocity_x,velocity_y
серьёзно,0.4800000000000182,15.625,19.374999999999996
