word,length,velocity_x,velocity_y
серьёзно,0.75,47.1813725490196,18.25980392156863
