word,length,velocity_x,velocity_y
серьёзно,0.539999999999992,12.31060606060606,19.12878787878788
