word,length,velocity_x,velocity_y
серьёзно,0.6599999999999966,16.11111111111111,17.361111111111114
