word,length,velocity_x,velocity_y
ответить,0.5178219999999669,21.212121212121218,20.833333333333336
