word,length,velocity_x,velocity_y
сервисы,0.6000000000000227,18.269230769230766,23.23717948717949
