word,length,velocity_x,velocity_y
например,0.6000000000000227,20.03205128205128,20.032051282051277
