word,length,velocity_x,velocity_y
например,0.4199999999999875,32.03125000000001,22.135416666666664
