word,length,velocity_x,velocity_y
например,0.5099999999999909,10.037878787878785,30.871212121212128
