word,length,velocity_x,velocity_y
например,0.36000000000001364,9.523809523809524,12.79761904761905
