word,length,velocity_x,velocity_y
удивили,0.5100000000000051,3.598484848484848,10.416666666666666
