word,length,velocity_x,velocity_y
людей,0.33000000000000007,9.375,34.37499999999999
