word,length,velocity_x,velocity_y
показатели,0.6000000000000227,8.814102564102564,12.980769230769232
