word,length,velocity_x,velocity_y
бонусы,0.6900000000000546,13.671875,28.776041666666668
