word,length,velocity_x,velocity_y
процессора,0.5699999999999363,15.865384615384615,31.25
