word,length,velocity_x,velocity_y
музыку,0.42000000000007276,11.342592592592592,48.61111111111111
