word,length,velocity_x,velocity_y
компенсация,0.8700000000000045,13.541666666666668,28.02083333333333
