word,length,velocity_x,velocity_y
яйца,0.36000000000012733,17.559523809523807,34.82142857142857
