word,length,velocity_x,velocity_y
признаку,0.599999999999909,27.884615384615387,12.179487179487177
