word,length,velocity_x,velocity_y
активно,0.49327100000004975,10.416666666666668,26.458333333333332
