word,length,velocity_x,velocity_y
активно,0.4500000000000455,7.638888888888889,12.500000000000004
