word,length,velocity_x,velocity_y
виндоус,0.5999999999999943,8.493589743589745,10.737179487179487
