word,length,velocity_x,velocity_y
виндоус,0.3921679999999981,10.416666666666668,13.802083333333332
