word,length,velocity_x,velocity_y
моей,0.2999999999999545,9.166666666666668,18.75
