word,length,velocity_x,velocity_y
говорить,0.4200000000000159,38.65740740740741,44.21296296296296
