word,length,velocity_x,velocity_y
говорить,0.41999999999999993,10.937500000000002,26.5625
