word,length,velocity_x,velocity_y
говорить,0.45000000000000284,8.333333333333334,10.625
