word,length,velocity_x,velocity_y
говорить,0.3299999999999983,12.5,19.09722222222222
