word,length,velocity_x,velocity_y
ручного,0.3812110000000075,21.428571428571427,51.78571428571428
