word,length,velocity_x,velocity_y
робот,0.5100000000000051,24.62121212121212,22.348484848484844
