word,length,velocity_x,velocity_y
может,0.27000000000003865,7.291666666666666,42.708333333333336
