word,length,velocity_x,velocity_y
может,0.36000000000001364,13.69047619047619,29.166666666666664
