word,length,velocity_x,velocity_y
может,0.2999999999999545,7.291666666666666,8.680555555555554
