word,length,velocity_x,velocity_y
может,0.3000000000000682,8.680555555555557,17.013888888888893
