word,length,velocity_x,velocity_y
может,0.2700000000000955,9.166666666666668,14.583333333333334
