word,length,velocity_x,velocity_y
может,0.2699999999999818,29.999999999999993,34.166666666666664
