word,length,velocity_x,velocity_y
радиации,0.5700000000000003,22.596153846153847,25.641025641025646
