word,length,velocity_x,velocity_y
настоящее,0.6299999999999955,11.904761904761905,18.452380952380953
