word,length,velocity_x,velocity_y
регуляции,0.6000000000000227,8.493589743589743,14.102564102564102
