word,length,velocity_x,velocity_y
сотрудников,0.7525199999998904,13.970588235294121,27.450980392156865
