word,length,velocity_x,velocity_y
сотрудников,0.6000000000000227,14.262820512820513,28.685897435897434
