word,length,velocity_x,velocity_y
сотрудников,0.75,14.215686274509801,19.117647058823533
