word,length,velocity_x,velocity_y
сотрудников,0.6599999999999682,9.226190476190476,14.136904761904761
