word,length,velocity_x,velocity_y
сотрудников,0.6300000000001091,5.059523809523809,18.303571428571434
