word,length,velocity_x,velocity_y
два,0.5399999999999636,24.053030303030305,32.00757575757576
