word,length,velocity_x,velocity_y
наверное,0.3300000000000125,104.16666666666667,39.93055555555555
