word,length,velocity_x,velocity_y
наверное,0.4199999999999591,10.677083333333334,21.093749999999996
