word,length,velocity_x,velocity_y
наверное,0.40461899999991147,27.083333333333332,18.75
