word,length,velocity_x,velocity_y
наверное,0.3899999999999997,11.60714285714286,17.261904761904763
