word,length,velocity_x,velocity_y
радиоволна,0.75,38.60294117647059,83.3333333333333
