word,length,velocity_x,velocity_y
двухчасовой,0.6899999999999409,11.388888888888888,20.833333333333336
