word,length,velocity_x,velocity_y
налоги,0.3617429999999331,36.607142857142854,25.892857142857146
