word,length,velocity_x,velocity_y
упомяните,0.6299999999999955,9.523809523809524,21.279761904761905
