word,length,velocity_x,velocity_y
президент,0.4500000000000455,5.787037037037038,6.481481481481483
