word,length,velocity_x,velocity_y
ещё,0.23999999999999932,36.45833333333333,55.208333333333336
