word,length,velocity_x,velocity_y
ещё,0.9599999999999973,10.321969696969697,17.424242424242422
