word,length,velocity_x,velocity_y
ещё,0.17999999999994998,17.708333333333332,15.625
