word,length,velocity_x,velocity_y
ещё,0.2400000000000091,20.833333333333332,15.104166666666668
