word,length,velocity_x,velocity_y
ещё,0.269999999999996,2.5,8.333333333333334
