word,length,velocity_x,velocity_y
ещё,0.21094500000000238,22.916666666666664,20.833333333333336
