word,length,velocity_x,velocity_y
ещё,0.18000000000000682,23.958333333333332,21.875
