word,length,velocity_x,velocity_y
ещё,0.20999999999997954,7.291666666666666,9.375
