word,length,velocity_x,velocity_y
ещё,0.1799999999999784,51.38888888888889,9.722222222222223
