word,length,velocity_x,velocity_y
ещё,0.2121389999999792,5.555555555555555,16.666666666666664
