word,length,velocity_x,velocity_y
ещё,0.4200000000000159,33.33333333333333,14.814814814814813
