word,length,velocity_x,velocity_y
какому,0.4500000000000455,37.73148148148148,21.990740740740737
