word,length,velocity_x,velocity_y
пещеры,0.7981860000000012,16.203703703703702,28.240740740740744
