word,length,velocity_x,velocity_y
основали,0.4499999999998181,5.092592592592593,18.98148148148148
