word,length,velocity_x,velocity_y
крупных,0.5099999999999909,7.007575757575759,15.530303030303031
