word,length,velocity_x,velocity_y
крупных,0.4800000000000182,8.333333333333334,15.416666666666668
