word,length,velocity_x,velocity_y
крупных,0.42000000000007276,6.01851851851852,9.490740740740742
