word,length,velocity_x,velocity_y
словам,0.38999999999998636,10.677083333333334,21.614583333333332
