word,length,velocity_x,velocity_y
словам,0.3599999999999568,10.416666666666666,19.940476190476193
