word,length,velocity_x,velocity_y
скоро,0.2699999999999818,16.666666666666664,41.66666666666667
