word,length,velocity_x,velocity_y
шоке,0.38999999999998636,20.833333333333332,16.40625
