word,length,velocity_x,velocity_y
случаев,0.44999999999999574,15.046296296296296,36.80555555555556
