word,length,velocity_x,velocity_y
случаев,0.4200000000000159,7.870370370370369,11.574074074074073
