word,length,velocity_x,velocity_y
выпустили,0.4800000000000182,14.791666666666664,16.041666666666664
