word,length,velocity_x,velocity_y
ценные,0.36000000000012733,18.154761904761905,14.285714285714285
