word,length,velocity_x,velocity_y
изменений,0.5700000000000216,13.888888888888893,19.270833333333336
