word,length,velocity_x,velocity_y
программиста,0.6000000000000227,8.653846153846153,22.275641025641026
