word,length,velocity_x,velocity_y
программиста,0.6000000000000227,38.141025641025635,20.833333333333336
