word,length,velocity_x,velocity_y
программиста,0.5699999999999363,59.201388888888886,24.131944444444446
