word,length,velocity_x,velocity_y
интересно,0.38999999999998636,27.976190476190478,26.785714285714285
