word,length,velocity_x,velocity_y
интересно,0.5145700000000488,37.708333333333336,52.29166666666667
