word,length,velocity_x,velocity_y
обучать,0.39000000000010004,14.84375,35.67708333333333
