word,length,velocity_x,velocity_y
интеллекту,0.4800000000000182,25.416666666666664,21.25
