word,length,velocity_x,velocity_y
угадал,0.42000000000007276,7.291666666666667,12.5
