word,length,velocity_x,velocity_y
зарплаты,0.4799999999999045,12.500000000000004,29.375
