word,length,velocity_x,velocity_y
зарплаты,0.5370259999999689,6.8181818181818175,9.848484848484848
