word,length,velocity_x,velocity_y
лично,0.39000000000000057,7.142857142857142,10.714285714285714
