word,length,velocity_x,velocity_y
лично,0.4499999999999318,9.25925925925926,16.666666666666668
