word,length,velocity_x,velocity_y
получается,0.7199999999999989,17.187499999999996,36.979166666666664
