word,length,velocity_x,velocity_y
получается,0.75,6.901041666666667,5.468749999999999
