word,length,velocity_x,velocity_y
национальное,0.5999999999999943,11.217948717948717,24.19871794871795
