word,length,velocity_x,velocity_y
года,0.36000000000001364,6.547619047619048,8.333333333333334
