word,length,velocity_x,velocity_y
года,0.2999999999999545,5.208333333333334,7.291666666666667
