word,length,velocity_x,velocity_y
года,0.3300000000000409,3.4722222222222223,7.291666666666667
