word,length,velocity_x,velocity_y
года,0.3000000000000682,5.416666666666666,11.666666666666666
