word,length,velocity_x,velocity_y
ожидается,0.6300000000000097,9.775641025641026,17.147435897435898
