word,length,velocity_x,velocity_y
ожидается,0.5699999999999932,8.814102564102564,14.102564102564102
