word,length,velocity_x,velocity_y
реальной,0.5699999999999932,8.506944444444443,22.395833333333336
