word,length,velocity_x,velocity_y
сайты,0.44999999999998863,18.51851851851852,16.435185185185183
