word,length,velocity_x,velocity_y
вирусов,0.44999999999998863,11.11111111111111,13.194444444444445
