word,length,velocity_x,velocity_y
боретесь,0.5700000000001637,16.84027777777778,7.638888888888889
