word,length,velocity_x,velocity_y
монотонного,0.6207129999999665,15.705128205128208,24.679487179487182
