word,length,velocity_x,velocity_y
надеяться,0.5699999999999932,4.513888888888888,11.805555555555554
