word,length,velocity_x,velocity_y
максимально,0.8400000000000318,8.442982456140351,17.214912280701753
