word,length,velocity_x,velocity_y
профессий,0.5699999999999932,9.548611111111112,23.263888888888886
