word,length,velocity_x,velocity_y
профессий,0.47999999999998977,20.0,31.041666666666668
