word,length,velocity_x,velocity_y
новостей,0.5099999999999909,3.5416666666666665,7.916666666666668
