word,length,velocity_x,velocity_y
новостей,0.5099999999999909,5.303030303030303,17.424242424242422
