word,length,velocity_x,velocity_y
новостей,0.5399999999999636,9.659090909090908,15.340909090909088
