word,length,velocity_x,velocity_y
следить,0.4500000000000455,21.064814814814813,9.027777777777777
