word,length,velocity_x,velocity_y
отреагировать,0.75,8.088235294117647,37.745098039215684
