word,length,velocity_x,velocity_y
министерства,0.5399999999999636,14.756944444444445,18.923611111111114
