word,length,velocity_x,velocity_y
нацелилась,0.6000000000000227,7.211538461538463,17.94871794871795
