word,length,velocity_x,velocity_y
узнаваемость,0.7200000000000273,70.83333333333334,44.66145833333333
