word,length,velocity_x,velocity_y
временами,0.4799999999999045,12.499999999999996,21.04166666666667
