word,length,velocity_x,velocity_y
сократился,0.6899999999999977,8.611111111111109,14.305555555555555
