word,length,velocity_x,velocity_y
создали,0.5099999999999909,6.8181818181818175,7.386363636363637
