word,length,velocity_x,velocity_y
угодно,0.4200000000000017,13.657407407407407,17.36111111111111
