word,length,velocity_x,velocity_y
винница,0.5699999999999363,27.430555555555554,24.13194444444445
