word,length,velocity_x,velocity_y
которых,0.44999999999998863,8.333333333333332,19.675925925925924
