word,length,velocity_x,velocity_y
которых,0.44999999999998863,9.953703703703704,15.740740740740739
