word,length,velocity_x,velocity_y
реалистично,0.6299999999999955,12.980769230769232,16.185897435897434
