word,length,velocity_x,velocity_y
прочее,0.6198630000000094,81.39880952380952,71.57738095238095
