word,length,velocity_x,velocity_y
прочее,0.38999999999998636,33.035714285714285,48.51190476190476
