word,length,velocity_x,velocity_y
прочее,0.36000000000001364,13.392857142857142,10.416666666666668
