word,length,velocity_x,velocity_y
статистике,0.5699999999999363,13.715277777777777,33.50694444444444
