word,length,velocity_x,velocity_y
сеть,0.38999999999998636,7.8125,10.416666666666668
