word,length,velocity_x,velocity_y
определённые,0.6299999999999955,6.250000000000002,10.096153846153847
