word,length,velocity_x,velocity_y
грудь,0.23999999999995225,33.33333333333333,14.583333333333332
