word,length,velocity_x,velocity_y
системы,0.541435999999976,6.4393939393939394,20.07575757575757
