word,length,velocity_x,velocity_y
блин,0.3300000000000409,61.90476190476192,35.416666666666664
