word,length,velocity_x,velocity_y
блин,0.42000000000007276,46.52777777777778,14.120370370370372
