word,length,velocity_x,velocity_y
типичный,0.540000000000191,7.465277777777778,9.027777777777775
