word,length,velocity_x,velocity_y
харькове,0.5399999999999636,17.187500000000004,19.09722222222222
