word,length,velocity_x,velocity_y
поэтому,0.8700000000000045,16.145833333333336,26.041666666666668
