word,length,velocity_x,velocity_y
поэтому,0.4199999999999591,27.314814814814813,27.546296296296298
