word,length,velocity_x,velocity_y
поэтому,0.4826019999999289,12.916666666666664,11.25
