word,length,velocity_x,velocity_y
поэтому,0.4199999999999591,17.1875,16.666666666666668
