word,length,velocity_x,velocity_y
поэтому,0.8999999999999773,8.829365079365079,9.623015873015872
