word,length,velocity_x,velocity_y
поэтому,0.6531229999999937,10.863095238095239,26.934523809523814
