word,length,velocity_x,velocity_y
поэтому,0.3299999999999841,24.652777777777775,27.777777777777775
