word,length,velocity_x,velocity_y
поэтому,0.36000000000001364,11.30952380952381,18.154761904761905
