word,length,velocity_x,velocity_y
поэтому,0.6299999999999955,7.88690476190476,10.714285714285717
