word,length,velocity_x,velocity_y
поэтому,0.3300000000000409,27.777777777777775,10.069444444444443
