word,length,velocity_x,velocity_y
поэтому,0.32999999999992724,23.80952380952381,12.79761904761905
