word,length,velocity_x,velocity_y
жертвовать,0.5099999999999909,8.901515151515152,24.431818181818183
