word,length,velocity_x,velocity_y
собственно,0.4200000000000017,10.677083333333332,14.062499999999996
