word,length,velocity_x,velocity_y
собственно,0.3900000000000148,10.9375,5.208333333333334
