word,length,velocity_x,velocity_y
собственно,0.5100000000000477,7.291666666666666,10.833333333333336
