word,length,velocity_x,velocity_y
собственно,0.38999999999998636,10.9375,22.395833333333336
