word,length,velocity_x,velocity_y
собственно,0.3599999999999568,12.5,19.047619047619047
