word,length,velocity_x,velocity_y
собственно,0.4200000000000159,10.416666666666668,12.760416666666666
