word,length,velocity_x,velocity_y
существует,0.539999999999992,10.227272727272728,24.81060606060606
