word,length,velocity_x,velocity_y
существует,0.5699999999999932,12.660256410256409,35.73717948717948
