word,length,velocity_x,velocity_y
сообщения,0.6600000000000819,8.611111111111109,23.333333333333332
