word,length,velocity_x,velocity_y
последний,0.4500000000000455,8.541666666666666,12.5
