word,length,velocity_x,velocity_y
разработкой,0.8100000000000023,7.4074074074074066,10.879629629629628
