word,length,velocity_x,velocity_y
лишних,0.35999999999989996,10.416666666666668,19.642857142857142
