word,length,velocity_x,velocity_y
исключением,0.6899999999999977,8.194444444444443,12.916666666666668
