word,length,velocity_x,velocity_y
языке,0.3794240000000286,26.488095238095237,14.583333333333334
