word,length,velocity_x,velocity_y
собака,0.5099999999999998,22.291666666666664,49.58333333333334
