word,length,velocity_x,velocity_y
консерватории,0.855087999999995,7.083333333333333,15.937500000000002
