word,length,velocity_x,velocity_y
мои,0.15000000000000013,29.166666666666668,14.583333333333332
