word,length,velocity_x,velocity_y
получили,0.4200000000000159,37.26851851851851,39.81481481481482
