word,length,velocity_x,velocity_y
называют,0.4199999999999591,6.25,22.135416666666668
