word,length,velocity_x,velocity_y
рыночной,0.39000000000010004,10.677083333333332,25.520833333333332
