word,length,velocity_x,velocity_y
надо,0.2400000000000091,29.166666666666668,35.41666666666667
