word,length,velocity_x,velocity_y
надо,0.19880899999998292,15.277777777777779,21.52777777777778
