word,length,velocity_x,velocity_y
надо,0.23999999999998067,10.937499999999998,14.0625
