word,length,velocity_x,velocity_y
надо,0.2400000000000091,14.583333333333334,13.020833333333334
