word,length,velocity_x,velocity_y
надо,0.2699999999999818,8.75,55.41666666666666
