word,length,velocity_x,velocity_y
новых,0.27000000000003865,5.729166666666666,15.104166666666666
