word,length,velocity_x,velocity_y
новых,0.2999999999999545,15.416666666666668,9.583333333333334
