word,length,velocity_x,velocity_y
новых,0.27000000000003865,17.083333333333332,14.166666666666666
