word,length,velocity_x,velocity_y
год,0.21000000000003638,6.25,13.888888888888888
