word,length,velocity_x,velocity_y
год,0.2700000000000955,17.916666666666668,15.416666666666668
