word,length,velocity_x,velocity_y
год,0.2400000000000091,4.166666666666666,13.541666666666666
