word,length,velocity_x,velocity_y
год,0.2699999999999818,11.666666666666666,23.333333333333332
