word,length,velocity_x,velocity_y
год,0.2699999999999818,3.75,14.583333333333334
