word,length,velocity_x,velocity_y
год,0.2699999999999818,10.416666666666666,51.25000000000001
