word,length,velocity_x,velocity_y
год,0.18000000000006366,15.972222222222221,23.611111111111107
