word,length,velocity_x,velocity_y
год,0.27000000000003865,6.25,7.291666666666666
