word,length,velocity_x,velocity_y
год,0.2400000000000091,7.291666666666667,16.145833333333332
