word,length,velocity_x,velocity_y
технологически,0.92999999999995,8.829365079365079,21.924603174603178
