word,length,velocity_x,velocity_y
происходит,0.5699999999999932,7.986111111111111,10.243055555555557
