word,length,velocity_x,velocity_y
происходит,0.7199999999999989,5.468749999999999,8.203124999999998
