word,length,velocity_x,velocity_y
вернуться,0.5284349999999449,10.243055555555557,17.361111111111114
