word,length,velocity_x,velocity_y
полагаем,0.47999999999998977,14.166666666666666,29.79166666666667
