word,length,velocity_x,velocity_y
показывать,0.42000000000007276,26.041666666666668,61.71875
