word,length,velocity_x,velocity_y
где,0.18000000000000682,9.375,11.458333333333334
