word,length,velocity_x,velocity_y
где,0.18000000000000682,8.333333333333332,14.583333333333332
