word,length,velocity_x,velocity_y
убью,0.21000000000003638,8.333333333333332,9.027777777777777
