word,length,velocity_x,velocity_y
канал,0.2999999999999998,11.458333333333332,18.402777777777775
