word,length,velocity_x,velocity_y
канал,0.2699999999999818,9.166666666666666,15.416666666666664
