word,length,velocity_x,velocity_y
сдаёт,0.3000000000000682,15.625,10.76388888888889
