word,length,velocity_x,velocity_y
имели,0.2699999999999818,18.75,17.708333333333336
