word,length,velocity_x,velocity_y
белорусскими,0.6600000000000819,6.944444444444445,9.72222222222222
