word,length,velocity_x,velocity_y
поводу,0.35999999999999943,14.583333333333332,15.476190476190474
