word,length,velocity_x,velocity_y
поводу,0.27000000000003865,13.541666666666666,16.666666666666668
