word,length,velocity_x,velocity_y
поводу,0.44999999999998863,24.768518518518523,28.47222222222222
