word,length,velocity_x,velocity_y
поводу,0.3375590000000557,10.119047619047619,14.880952380952378
