word,length,velocity_x,velocity_y
научился,0.6299999999999955,10.416666666666668,18.452380952380956
