word,length,velocity_x,velocity_y
курс,0.2699999999999818,6.666666666666667,32.916666666666664
