word,length,velocity_x,velocity_y
мой,0.27000000000001023,13.020833333333334,24.479166666666668
