word,length,velocity_x,velocity_y
знаю,0.26335000000000264,23.333333333333332,7.083333333333333
