word,length,velocity_x,velocity_y
сделать,0.3351420000000189,99.30555555555554,40.97222222222223
