word,length,velocity_x,velocity_y
сделать,0.38999999999998636,16.145833333333336,16.145833333333336
