word,length,velocity_x,velocity_y
думаете,0.3513019999999969,15.476190476190474,10.416666666666668
