word,length,velocity_x,velocity_y
компании,0.75,12.499999999999996,21.20098039215686
