word,length,velocity_x,velocity_y
компании,0.4500000000000455,63.19444444444445,33.796296296296305
