word,length,velocity_x,velocity_y
компании,0.5699999999999932,6.249999999999999,12.500000000000004
