word,length,velocity_x,velocity_y
компании,0.6000000000000227,8.653846153846153,9.775641025641022
