word,length,velocity_x,velocity_y
компании,0.5099999999999909,9.090909090909092,19.886363636363637
