word,length,velocity_x,velocity_y
компании,0.5399999999999636,7.007575757575759,12.121212121212123
