word,length,velocity_x,velocity_y
компании,0.6299999999998818,8.779761904761905,11.011904761904761
