word,length,velocity_x,velocity_y
компании,0.5399999999999636,9.027777777777779,8.333333333333332
