word,length,velocity_x,velocity_y
навыки,0.47999999999996135,13.124999999999998,13.333333333333336
