word,length,velocity_x,velocity_y
первых,0.4200000000000017,9.027777777777777,16.666666666666664
