word,length,velocity_x,velocity_y
первых,0.32999999999992724,10.714285714285714,14.583333333333332
