word,length,velocity_x,velocity_y
аккумулятора,0.6299999999999955,8.035714285714286,17.857142857142858
