word,length,velocity_x,velocity_y
чего,0.3299999999999841,37.15277777777777,29.166666666666668
