word,length,velocity_x,velocity_y
чего,0.2699999999999818,21.666666666666664,8.75
