word,length,velocity_x,velocity_y
внести,0.4199999999999875,13.888888888888893,19.90740740740741
