word,length,velocity_x,velocity_y
кино,0.5099999999999909,12.121212121212123,15.909090909090908
