word,length,velocity_x,velocity_y
упустила,0.571752,8.012820512820513,26.12179487179487
