word,length,velocity_x,velocity_y
система,0.4800000000000182,8.75,16.458333333333332
