word,length,velocity_x,velocity_y
выбросили,0.5099999999999909,38.82575757575758,29.356060606060602
