word,length,velocity_x,velocity_y
интеллектом,0.57000000000005,23.263888888888893,34.20138888888889
