word,length,velocity_x,velocity_y
имена,0.3300000000000409,5.208333333333332,11.111111111111112
