word,length,velocity_x,velocity_y
получилось,0.5099999999999909,12.083333333333332,27.70833333333333
