word,length,velocity_x,velocity_y
программирования,0.75,10.807291666666666,13.802083333333334
