word,length,velocity_x,velocity_y
выйдет,0.2999999999999545,19.791666666666664,24.999999999999996
