word,length,velocity_x,velocity_y
бедствия,0.539999999999992,24.479166666666664,18.576388888888886
