word,length,velocity_x,velocity_y
учёные,0.6599999999999682,7.777777777777777,7.777777777777778
