word,length,velocity_x,velocity_y
учёные,0.5099999999999909,8.143939393939394,15.530303030303031
