word,length,velocity_x,velocity_y
учёные,0.5699999999999363,8.653846153846153,12.179487179487179
