word,length,velocity_x,velocity_y
затяжной,0.4800000000000004,7.499999999999998,16.249999999999996
