word,length,velocity_x,velocity_y
заражения,0.6899999999999977,5.0,6.666666666666667
