word,length,velocity_x,velocity_y
проследить,0.75,24.632352941176475,33.94607843137255
