word,length,velocity_x,velocity_y
шестьдесят,0.35999999999989996,14.880952380952381,25.000000000000007
