word,length,velocity_x,velocity_y
шестьдесят,0.39000000000010004,14.583333333333334,34.11458333333333
