word,length,velocity_x,velocity_y
шанс,0.4800000000000004,6.458333333333332,16.249999999999996
