word,length,velocity_x,velocity_y
шанс,0.3300000000000409,8.680555555555557,27.083333333333332
