word,length,velocity_x,velocity_y
нужны,0.45000000000001705,9.953703703703704,7.638888888888888
