word,length,velocity_x,velocity_y
нужны,0.5699999999999932,9.027777777777777,9.20138888888889
