word,length,velocity_x,velocity_y
нужны,0.2999999999999545,6.666666666666667,21.25
