word,length,velocity_x,velocity_y
нужны,0.39000000000010004,5.208333333333333,10.677083333333332
