word,length,velocity_x,velocity_y
сфера,0.38999999999998636,7.03125,10.15625
