word,length,velocity_x,velocity_y
фреймворка,0.539999999999992,16.477272727272727,16.09848484848485
