word,length,velocity_x,velocity_y
поголовье,0.5099999999999909,8.541666666666666,9.791666666666666
