word,length,velocity_x,velocity_y
стать,0.2699999999999818,9.583333333333334,15.0
