word,length,velocity_x,velocity_y
бостон,0.4178849999999983,17.708333333333336,22.916666666666664
