word,length,velocity_x,velocity_y
период,0.38999999999998636,6.25,18.489583333333336
