word,length,velocity_x,velocity_y
собственной,0.9300000000000637,28.030303030303028,47.72727272727273
