word,length,velocity_x,velocity_y
состоит,0.47730499999994436,9.166666666666666,14.791666666666666
