word,length,velocity_x,velocity_y
в-третьих,0.599999999999909,17.1474358974359,20.67307692307692
