word,length,velocity_x,velocity_y
кого-то,0.38999999999998636,19.04761904761905,18.45238095238095
