word,length,velocity_x,velocity_y
сто,0.1799999999999926,12.5,10.416666666666668
