word,length,velocity_x,velocity_y
сто,0.19102700000007644,14.583333333333334,61.80555555555555
