word,length,velocity_x,velocity_y
сто,0.17999999999994998,8.333333333333332,30.555555555555554
