word,length,velocity_x,velocity_y
сто,0.2099999999999227,40.625,69.79166666666667
