word,length,velocity_x,velocity_y
сто,0.480000000000004,10.0,39.166666666666664
