word,length,velocity_x,velocity_y
сто,0.15000000000000568,11.458333333333334,10.416666666666668
