word,length,velocity_x,velocity_y
настала,0.4500000000000455,10.185185185185185,29.398148148148156
