word,length,velocity_x,velocity_y
предварительно,0.599999999999909,11.217948717948719,22.916666666666664
