word,length,velocity_x,velocity_y
тему,0.35999999999989996,6.25,9.226190476190476
