word,length,velocity_x,velocity_y
удобным,0.35999999999999943,8.92857142857143,8.035714285714286
