word,length,velocity_x,velocity_y
хотите,0.36000000000001364,25.595238095238095,34.82142857142857
