word,length,velocity_x,velocity_y
хотите,0.36000000000001364,10.416666666666666,13.392857142857146
