word,length,velocity_x,velocity_y
нормальные,0.7800000000000296,13.480392156862747,12.867647058823529
