word,length,velocity_x,velocity_y
долларов,0.38999999999998636,19.94047619047619,47.023809523809526
