word,length,velocity_x,velocity_y
долларов,0.4199999999999591,9.49074074074074,14.814814814814813
