word,length,velocity_x,velocity_y
долларов,0.42000000000007276,7.638888888888889,18.51851851851852
