word,length,velocity_x,velocity_y
долларов,0.44999999999998863,8.564814814814815,11.11111111111111
