word,length,velocity_x,velocity_y
долларов,0.5399999999999636,6.628787878787879,10.416666666666666
