word,length,velocity_x,velocity_y
долларов,0.5399999999999636,11.458333333333332,13.715277777777779
