word,length,velocity_x,velocity_y
долларов,0.36000000000001364,9.226190476190476,21.726190476190478
