word,length,velocity_x,velocity_y
долларов,0.42000000000007276,20.572916666666664,33.59375
