word,length,velocity_x,velocity_y
долларов,0.36000000000001364,10.416666666666666,17.55952380952381
