word,length,velocity_x,velocity_y
долларов,0.4800000000000182,7.499999999999998,21.875
