word,length,velocity_x,velocity_y
долларов,0.4499999999999318,9.722222222222223,32.87037037037038
