word,length,velocity_x,velocity_y
долларов,0.4500000000000455,10.185185185185187,30.324074074074076
