word,length,velocity_x,velocity_y
долларов,0.6300000000001091,15.178571428571427,31.69642857142857
