word,length,velocity_x,velocity_y
долларов,0.5099999999999909,5.492424242424242,27.462121212121215
