word,length,velocity_x,velocity_y
космического,0.75,13.602941176470587,21.568627450980394
