word,length,velocity_x,velocity_y
ежегодно,0.7800000000000296,10.661764705882353,12.990196078431374
