word,length,velocity_x,velocity_y
код,0.3300000000000125,6.25,12.500000000000004
