word,length,velocity_x,velocity_y
высокий,0.4500000000000455,9.027777777777777,13.194444444444443
