word,length,velocity_x,velocity_y
девяти,0.38999999999987267,35.15625,62.23958333333335
