word,length,velocity_x,velocity_y
виде,0.2699999999999818,3.75,21.666666666666664
