word,length,velocity_x,velocity_y
продемонстрировала,0.959999999999809,20.549242424242422,23.390151515151516
