word,length,velocity_x,velocity_y
над,0.14999999999997726,14.583333333333334,8.333333333333332
