word,length,velocity_x,velocity_y
через,0.3300000000000409,8.680555555555557,19.791666666666664
