word,length,velocity_x,velocity_y
через,0.2999999999999545,12.499999999999998,29.86111111111111
