word,length,velocity_x,velocity_y
энергетики,0.6899999999999977,17.057291666666664,22.786458333333332
