word,length,velocity_x,velocity_y
хотят,0.27000000000001023,14.0625,23.958333333333336
