word,length,velocity_x,velocity_y
синтаксис,0.4800000000000182,13.333333333333334,14.791666666666666
