word,length,velocity_x,velocity_y
синтаксис,0.4800000000000182,28.54166666666667,10.208333333333334
