word,length,velocity_x,velocity_y
скорость,0.45000000000000284,12.083333333333332,17.708333333333332
