word,length,velocity_x,velocity_y
местности,0.6000000000000085,31.25,15.224358974358973
