word,length,velocity_x,velocity_y
проекта,0.57000000000005,7.812500000000002,17.013888888888893
