word,length,velocity_x,velocity_y
году,0.3300000000000409,12.5,20.53571428571428
