word,length,velocity_x,velocity_y
году,0.3000000000000682,10.0,20.833333333333332
