word,length,velocity_x,velocity_y
году,0.2700000000000955,8.333333333333334,16.666666666666664
