word,length,velocity_x,velocity_y
году,0.30000000000001137,4.166666666666666,9.027777777777779
