word,length,velocity_x,velocity_y
году,0.3300000000000409,8.680555555555557,17.013888888888893
