word,length,velocity_x,velocity_y
году,0.36000000000001364,7.440476190476191,13.69047619047619
