word,length,velocity_x,velocity_y
году,0.38999999999987267,6.25,11.30952380952381
