word,length,velocity_x,velocity_y
году,0.3000000000001819,9.722222222222221,15.277777777777777
