word,length,velocity_x,velocity_y
языков,0.39000000000000057,25.892857142857146,12.202380952380953
