word,length,velocity_x,velocity_y
языков,0.44999999999998863,15.0,19.166666666666668
