word,length,velocity_x,velocity_y
языков,0.4200000000000159,13.020833333333334,17.1875
