word,length,velocity_x,velocity_y
сконцентрированы,0.8999999999999773,7.916666666666668,26.979166666666664
