word,length,velocity_x,velocity_y
удобно,0.36000000000001364,8.630952380952381,16.964285714285715
