word,length,velocity_x,velocity_y
одной,0.39000000000010004,9.635416666666668,18.229166666666668
