word,length,velocity_x,velocity_y
кстати,0.3000000000000682,13.750000000000002,43.75
