word,length,velocity_x,velocity_y
кстати,0.30000000000001137,13.750000000000002,15.416666666666664
