word,length,velocity_x,velocity_y
со,0.14999999999999858,16.666666666666664,27.083333333333336
