word,length,velocity_x,velocity_y
со,0.14999999999997726,4.166666666666666,4.166666666666666
