word,length,velocity_x,velocity_y
подпись,0.5400000000000205,52.65151515151515,19.12878787878788
