word,length,velocity_x,velocity_y
давить,0.3300000000000409,82.4404761904762,31.54761904761905
