word,length,velocity_x,velocity_y
насрать,0.35999999999999943,13.690476190476192,36.904761904761905
