word,length,velocity_x,velocity_y
смогут,0.32999999999992724,12.847222222222223,14.930555555555555
