word,length,velocity_x,velocity_y
определяет,0.6299999999999955,18.452380952380953,20.68452380952381
