word,length,velocity_x,velocity_y
господи,0.42000000000007276,10.185185185185187,25.0
