word,length,velocity_x,velocity_y
внедрили,0.539999999999992,24.131944444444443,23.958333333333336
