word,length,velocity_x,velocity_y
внедрили,0.6299999999999955,12.351190476190476,26.041666666666668
