word,length,velocity_x,velocity_y
отличается,0.7799999999999727,7.638888888888888,20.601851851851855
