word,length,velocity_x,velocity_y
марии,0.38999999999998636,6.25,9.375000000000004
