word,length,velocity_x,velocity_y
первая,0.36000000000001364,13.392857142857142,19.345238095238095
