word,length,velocity_x,velocity_y
украинских,0.5099999999999909,9.791666666666666,17.5
