word,length,velocity_x,velocity_y
украинских,0.6600000000000819,5.505952380952381,11.160714285714288
