word,length,velocity_x,velocity_y
украинских,0.6300000000001091,9.970238095238097,9.970238095238097
