word,length,velocity_x,velocity_y
все,0.14999999999997726,22.916666666666664,22.916666666666664
