word,length,velocity_x,velocity_y
все,0.3599999999999852,22.61904761904762,27.67857142857143
