word,length,velocity_x,velocity_y
все,0.38999999999998636,14.322916666666668,16.145833333333336
