word,length,velocity_x,velocity_y
все,0.3299999999999841,23.611111111111114,17.013888888888886
