word,length,velocity_x,velocity_y
все,0.2400000000000091,10.416666666666668,23.4375
