word,length,velocity_x,velocity_y
все,0.21000000000003638,43.75,12.500000000000004
