word,length,velocity_x,velocity_y
все,0.4199999999999591,6.712962962962962,44.90740740740741
