word,length,velocity_x,velocity_y
все,0.17999999999999972,14.583333333333334,15.972222222222223
