word,length,velocity_x,velocity_y
все,0.36000000000001364,10.119047619047619,16.36904761904762
