word,length,velocity_x,velocity_y
все,0.14999999999997726,6.25,5.208333333333333
