word,length,velocity_x,velocity_y
послушать,0.5099999999999909,23.106060606060606,17.424242424242426
