word,length,velocity_x,velocity_y
поздравляем,0.8699999999998909,7.708333333333331,14.791666666666664
