word,length,velocity_x,velocity_y
моего,0.38999999999998636,23.177083333333332,15.104166666666666
