word,length,velocity_x,velocity_y
данном,0.2699999999999818,17.5,20.833333333333332
