word,length,velocity_x,velocity_y
первые,0.38999999999998636,6.510416666666666,14.0625
