word,length,velocity_x,velocity_y
переезда,0.6299999999999955,10.714285714285712,7.142857142857142
