word,length,velocity_x,velocity_y
цитаты,0.4200000000000159,10.156249999999998,41.145833333333336
