word,length,velocity_x,velocity_y
цитаты,0.42000000000007276,14.322916666666668,29.947916666666664
