word,length,velocity_x,velocity_y
цитаты,0.4500000000000455,21.296296296296298,19.90740740740741
