word,length,velocity_x,velocity_y
большого,0.5099999999999909,11.666666666666666,26.666666666666668
