word,length,velocity_x,velocity_y
начать,0.3300000000000409,47.222222222222214,14.930555555555555
