word,length,velocity_x,velocity_y
гарантирую,0.5400000000000205,16.477272727272727,17.045454545454543
