word,length,velocity_x,velocity_y
давайте,0.27134699999999157,100.00000000000003,21.666666666666664
