word,length,velocity_x,velocity_y
давайте,0.3300000000000409,34.523809523809526,71.13095238095238
