word,length,velocity_x,velocity_y
быстренько,0.45000000000000284,8.541666666666666,16.875
