word,length,velocity_x,velocity_y
быстренько,0.4200000000000159,13.541666666666668,13.020833333333332
