word,length,velocity_x,velocity_y
быстренько,0.4200000000000159,10.87962962962963,27.083333333333332
