word,length,velocity_x,velocity_y
быстренько,0.44999999999998863,27.083333333333336,21.990740740740737
