word,length,velocity_x,velocity_y
быстренько,0.4199999999999591,16.666666666666668,9.375
