word,length,velocity_x,velocity_y
быстренько,0.3900000000000432,19.642857142857142,22.023809523809526
