word,length,velocity_x,velocity_y
быстренько,0.4200000000000159,13.28125,11.979166666666666
