word,length,velocity_x,velocity_y
быстренько,0.38999999999998636,22.023809523809526,17.261904761904763
