word,length,velocity_x,velocity_y
специалисты,0.6000000000000227,10.576923076923077,20.833333333333336
