word,length,velocity_x,velocity_y
фридман,0.42000000000007276,8.796296296296296,15.740740740740739
