word,length,velocity_x,velocity_y
причина,0.5699999999999363,7.118055555555556,33.50694444444444
