word,length,velocity_x,velocity_y
причина,0.4800000000000182,10.0,23.958333333333336
