word,length,velocity_x,velocity_y
короче,0.4199999999998454,6.481481481481483,6.944444444444445
