word,length,velocity_x,velocity_y
слышал,0.3599999999999852,13.988095238095239,15.47619047619048
