word,length,velocity_x,velocity_y
надежда,0.6599999999999682,7.738095238095237,15.773809523809526
