word,length,velocity_x,velocity_y
деваться,0.38999999999998636,5.357142857142856,11.904761904761903
