word,length,velocity_x,velocity_y
реальному,0.4800000000000182,5.625,12.916666666666664
