word,length,velocity_x,velocity_y
севере,0.36000000000001364,8.630952380952381,18.154761904761905
