word,length,velocity_x,velocity_y
скриптов,0.6300000000000097,14.880952380952381,25.5952380952381
