word,length,velocity_x,velocity_y
верби,0.8400000000000318,20.504385964912284,23.135964912280702
