word,length,velocity_x,velocity_y
опубликована,0.6299999999999955,5.5059523809523805,4.761904761904763
