word,length,velocity_x,velocity_y
масштабы,0.5099999999999909,25.757575757575758,55.871212121212125
