word,length,velocity_x,velocity_y
смогли,0.47999999999998977,48.75000000000001,27.29166666666667
