word,length,velocity_x,velocity_y
смогли,0.3599999999999852,8.333333333333332,22.023809523809522
