word,length,velocity_x,velocity_y
требования,0.4800000000000182,23.958333333333336,12.916666666666668
