word,length,velocity_x,velocity_y
работе,0.3599999999999568,8.333333333333334,17.559523809523807
