word,length,velocity_x,velocity_y
работе,0.4800000000000182,8.541666666666666,20.208333333333332
