word,length,velocity_x,velocity_y
работе,0.4199999999998454,8.101851851851851,53.240740740740755
