word,length,velocity_x,velocity_y
бизнес,0.42000000000007276,14.351851851851851,12.5
