word,length,velocity_x,velocity_y
бизнес,0.32999999999992724,9.722222222222221,22.569444444444446
