word,length,velocity_x,velocity_y
бизнес,0.39000000000010004,8.035714285714286,5.9523809523809526
