word,length,velocity_x,velocity_y
портал,0.42000000000007276,4.6875,11.458333333333332
