word,length,velocity_x,velocity_y
довольно,0.2999999999999545,15.833333333333332,15.416666666666664
