word,length,velocity_x,velocity_y
довольно,0.36000000000001364,10.714285714285714,18.452380952380953
