word,length,velocity_x,velocity_y
немножко,0.5700000000000003,8.854166666666668,46.70138888888889
