word,length,velocity_x,velocity_y
пришло,0.3527050000000145,10.714285714285714,18.154761904761905
