word,length,velocity_x,velocity_y
понятно,0.4200000000000159,16.203703703703702,22.453703703703706
