word,length,velocity_x,velocity_y
понятно,0.4200000000000159,26.302083333333332,13.28125
