word,length,velocity_x,velocity_y
понятно,0.44999999999998863,35.416666666666664,47.91666666666666
