word,length,velocity_x,velocity_y
атари,0.4800000000000182,10.625,22.083333333333336
