word,length,velocity_x,velocity_y
тело,0.2999999999999545,12.499999999999998,13.194444444444445
