word,length,velocity_x,velocity_y
параллельно,0.5099999999999909,21.875,78.75000000000001
