word,length,velocity_x,velocity_y
анекдоте,0.5999999999999943,8.173076923076923,11.538461538461537
