word,length,velocity_x,velocity_y
автоматизацию,0.9004690000000437,6.25,5.654761904761903
