word,length,velocity_x,velocity_y
переписать,0.44999999999998863,10.879629629629628,25.0
