word,length,velocity_x,velocity_y
полгода,0.5699999999999363,10.9375,11.631944444444448
