word,length,velocity_x,velocity_y
без,0.2400000000000091,17.1875,29.166666666666668
