word,length,velocity_x,velocity_y
без,0.599999999999909,7.532051282051283,11.69871794871795
