word,length,velocity_x,velocity_y
начнёт,0.36000000000001364,28.273809523809522,14.880952380952381
