word,length,velocity_x,velocity_y
заявили,0.39562499999999545,17.96875,25.260416666666668
