word,length,velocity_x,velocity_y
больше,0.4199999999999591,8.333333333333334,18.98148148148148
