word,length,velocity_x,velocity_y
больше,0.42000000000007276,12.268518518518519,28.240740740740744
