word,length,velocity_x,velocity_y
больше,0.2999999999999545,6.250000000000002,8.75
