word,length,velocity_x,velocity_y
больше,0.32999999999992724,9.027777777777777,29.51388888888889
