word,length,velocity_x,velocity_y
больше,0.38999999999998636,20.53571428571429,36.904761904761905
