word,length,velocity_x,velocity_y
больше,0.3299999999999841,40.97222222222223,23.958333333333336
