word,length,velocity_x,velocity_y
больше,0.36000000000001364,8.333333333333334,18.45238095238095
