word,length,velocity_x,velocity_y
больше,0.2999999999999545,20.486111111111107,16.319444444444446
