word,length,velocity_x,velocity_y
больше,0.2999999999999545,10.069444444444443,14.236111111111112
