word,length,velocity_x,velocity_y
больше,0.2699999999999818,9.166666666666668,26.250000000000007
