word,length,velocity_x,velocity_y
вовсе,0.45610800000008567,6.666666666666667,18.333333333333332
