word,length,velocity_x,velocity_y
много,0.2917380000000094,11.666666666666666,10.416666666666668
