word,length,velocity_x,velocity_y
много,0.2999999999999545,13.194444444444445,31.944444444444443
