word,length,velocity_x,velocity_y
много,0.2699999999999818,30.833333333333336,24.166666666666664
