word,length,velocity_x,velocity_y
много,0.269999999999996,10.0,8.333333333333332
