word,length,velocity_x,velocity_y
много,0.2400000000000091,23.958333333333332,11.458333333333334
