word,length,velocity_x,velocity_y
настоящих,0.8100000000000023,8.680555555555555,17.939814814814817
