word,length,velocity_x,velocity_y
долю,0.36000000000001364,9.821428571428571,23.214285714285715
