word,length,velocity_x,velocity_y
протестировать,0.7199999999999704,19.010416666666664,12.760416666666668
