word,length,velocity_x,velocity_y
подтвердили,0.6599999999999966,8.779761904761905,36.75595238095239
