word,length,velocity_x,velocity_y
продавать,0.38999999999998636,9.635416666666668,13.28125
