word,length,velocity_x,velocity_y
слежка,0.57000000000005,17.881944444444446,17.881944444444446
