word,length,velocity_x,velocity_y
почему,0.3299999999999841,8.680555555555557,43.402777777777786
