word,length,velocity_x,velocity_y
третье,0.4500000000000455,17.82407407407408,21.99074074074074
