word,length,velocity_x,velocity_y
вероятно,0.6299999999999955,20.684523809523807,28.7202380952381
