word,length,velocity_x,velocity_y
созданный,0.6000000000000227,7.051282051282051,9.935897435897436
