word,length,velocity_x,velocity_y
предложить,0.599999999999909,6.249999999999999,13.621794871794874
