word,length,velocity_x,velocity_y
куда,0.21000000000003638,11.979166666666668,18.75
