word,length,velocity_x,velocity_y
окей,0.2999999999999545,26.25,32.916666666666664
