word,length,velocity_x,velocity_y
хакерами,0.6899999999999409,36.80555555555555,26.666666666666668
