word,length,velocity_x,velocity_y
паровые,0.4200000000000017,6.510416666666666,12.239583333333334
