word,length,velocity_x,velocity_y
используются,0.5999999999999943,10.73717948717949,17.628205128205128
