word,length,velocity_x,velocity_y
вызовов,0.5099999999999909,7.916666666666668,12.291666666666664
