word,length,velocity_x,velocity_y
государственный,0.7800000000000011,27.777777777777786,11.805555555555555
