word,length,velocity_x,velocity_y
самой,0.2999999999999545,7.083333333333333,18.333333333333332
