word,length,velocity_x,velocity_y
музыкального,0.6900000000000546,18.229166666666664,12.369791666666668
