word,length,velocity_x,velocity_y
подвале,0.599999999999909,9.775641025641026,17.1474358974359
