word,length,velocity_x,velocity_y
тестировать,0.5699999999999932,19.871794871794876,9.775641025641027
