word,length,velocity_x,velocity_y
мобильных,0.480000000000004,5.625,8.333333333333334
