word,length,velocity_x,velocity_y
своими,0.42366200000003573,11.342592592592595,19.90740740740741
