word,length,velocity_x,velocity_y
своими,0.30000000000001137,7.291666666666667,15.277777777777777
