word,length,velocity_x,velocity_y
и,0.3000000000000007,45.83333333333333,24.583333333333336
