word,length,velocity_x,velocity_y
и,0.12000000000000455,54.166666666666664,14.583333333333334
