word,length,velocity_x,velocity_y
и,0.2699999999999818,17.708333333333332,40.625
