word,length,velocity_x,velocity_y
и,0.21000000000003638,8.333333333333332,14.0625
