word,length,velocity_x,velocity_y
и,0.12000000000000455,22.916666666666664,10.416666666666668
