word,length,velocity_x,velocity_y
и,0.2400000000000091,20.833333333333336,15.104166666666668
