word,length,velocity_x,velocity_y
и,0.12000000000000455,8.333333333333332,18.75
