word,length,velocity_x,velocity_y
и,0.36000000000001364,7.440476190476189,18.452380952380956
