word,length,velocity_x,velocity_y
и,0.5400000000000773,26.515151515151516,14.015151515151517
