word,length,velocity_x,velocity_y
и,1.4399999999999409,9.313725490196079,10.171568627450982
