word,length,velocity_x,velocity_y
и,0.14999999999986358,8.333333333333332,16.666666666666664
