word,length,velocity_x,velocity_y
и,0.32999999999992724,8.035714285714286,7.142857142857142
