word,length,velocity_x,velocity_y
и,0.24152300000014293,16.145833333333336,19.791666666666664
