word,length,velocity_x,velocity_y
и,0.4500000000000455,7.407407407407408,9.49074074074074
