word,length,velocity_x,velocity_y
и,0.38999999999987267,21.614583333333332,10.937499999999998
