word,length,velocity_x,velocity_y
и,0.15000000000009095,16.666666666666664,54.166666666666664
