word,length,velocity_x,velocity_y
и,0.5699999999999363,18.576388888888893,26.21527777777778
