word,length,velocity_x,velocity_y
и,0.09000000000000341,6.25,8.333333333333332
