word,length,velocity_x,velocity_y
и,0.15000000000000568,16.666666666666664,12.5
