word,length,velocity_x,velocity_y
и,0.13885300000001166,14.583333333333334,8.333333333333332
