word,length,velocity_x,velocity_y
и,0.1799999999999926,25.0,36.11111111111111
