word,length,velocity_x,velocity_y
и,0.14999999999997726,11.458333333333332,9.375
