word,length,velocity_x,velocity_y
и,0.09000000000003183,20.833333333333336,8.333333333333332
