word,length,velocity_x,velocity_y
и,0.328975000000014,11.11111111111111,13.194444444444445
