word,length,velocity_x,velocity_y
и,0.21000000000003638,13.194444444444445,30.555555555555554
