word,length,velocity_x,velocity_y
и,0.15000000000000568,9.375,29.166666666666668
