word,length,velocity_x,velocity_y
и,0.12000000000000455,4.166666666666666,6.25
