word,length,velocity_x,velocity_y
и,0.1799999999998363,7.638888888888888,33.33333333333333
