word,length,velocity_x,velocity_y
и,0.6300000000000008,12.5,37.94642857142857
