word,length,velocity_x,velocity_y
и,0.11999999999997613,12.5,45.83333333333333
