word,length,velocity_x,velocity_y
и,0.21000000000000796,4.861111111111112,2.083333333333333
