word,length,velocity_x,velocity_y
и,0.30000000000001137,16.666666666666668,45.83333333333333
