word,length,velocity_x,velocity_y
и,0.29999999999998295,7.291666666666667,13.194444444444445
