word,length,velocity_x,velocity_y
и,0.3300000000000409,6.597222222222222,10.069444444444443
