word,length,velocity_x,velocity_y
и,0.660000000000025,74.70238095238095,35.11904761904761
