word,length,velocity_x,velocity_y
и,0.75,30.637254901960777,12.622549019607842
