word,length,velocity_x,velocity_y
и,0.15310499999998228,54.166666666666664,44.791666666666664
