word,length,velocity_x,velocity_y
и,0.13025399999997944,11.458333333333334,8.333333333333332
