word,length,velocity_x,velocity_y
и,0.18000000000000682,10.416666666666666,15.625
