word,length,velocity_x,velocity_y
и,0.1500000000000341,19.791666666666664,52.083333333333336
