word,length,velocity_x,velocity_y
и,0.18000000000000682,10.416666666666668,5.555555555555555
