word,length,velocity_x,velocity_y
и,0.12000000000000455,2.083333333333333,12.5
