word,length,velocity_x,velocity_y
и,0.3300000000000409,19.09722222222222,12.5
