word,length,velocity_x,velocity_y
и,0.8400000000000318,5.372807017543859,8.223684210526317
