word,length,velocity_x,velocity_y
и,0.2699999999999818,7.083333333333333,13.750000000000002
