word,length,velocity_x,velocity_y
и,0.5699999999999932,7.465277777777778,5.902777777777777
