word,length,velocity_x,velocity_y
и,0.18000000000000682,66.66666666666666,26.38888888888889
