word,length,velocity_x,velocity_y
и,0.14999999999997726,22.916666666666664,31.25
