word,length,velocity_x,velocity_y
духе,0.2699999999999818,13.333333333333336,12.083333333333336
