word,length,velocity_x,velocity_y
конкретный,0.5099999999999909,12.310606060606059,29.356060606060602
