word,length,velocity_x,velocity_y
от,0.08999999999997499,22.916666666666664,29.166666666666668
