word,length,velocity_x,velocity_y
от,0.09000000000003183,10.416666666666668,47.91666666666667
