word,length,velocity_x,velocity_y
от,0.17999999999994998,11.805555555555557,22.22222222222222
