word,length,velocity_x,velocity_y
от,0.15000000000009095,8.333333333333334,10.416666666666668
