word,length,velocity_x,velocity_y
от,0.08999999999997499,29.166666666666668,35.41666666666667
