word,length,velocity_x,velocity_y
от,0.15000000000009095,8.333333333333332,22.916666666666664
