word,length,velocity_x,velocity_y
от,0.35999999999989996,7.440476190476189,30.95238095238096
