word,length,velocity_x,velocity_y
от,0.15000000000009095,13.541666666666668,8.333333333333332
