word,length,velocity_x,velocity_y
от,0.14999999999997726,5.208333333333333,6.25
