word,length,velocity_x,velocity_y
от,0.14999999999997726,7.291666666666667,20.833333333333332
