word,length,velocity_x,velocity_y
передатчика,0.75,4.901960784313725,6.7401960784313735
