word,length,velocity_x,velocity_y
офиса,0.4800000000000182,8.333333333333332,13.750000000000002
