word,length,velocity_x,velocity_y
офиса,0.5099999999999909,7.196969696969697,10.984848484848484
