word,length,velocity_x,velocity_y
тридцати,0.5099999999999909,5.681818181818182,17.8030303030303
