word,length,velocity_x,velocity_y
засилья,0.539999999999992,10.069444444444443,14.23611111111111
