word,length,velocity_x,velocity_y
второе,0.32999999999992724,6.845238095238096,9.523809523809526
