word,length,velocity_x,velocity_y
получает,0.5399999999999636,9.722222222222223,19.618055555555554
