word,length,velocity_x,velocity_y
модели,0.5399999999999636,20.486111111111114,29.34027777777778
