word,length,velocity_x,velocity_y
половому,0.6000000000000227,16.666666666666664,45.993589743589745
