word,length,velocity_x,velocity_y
половому,0.6646870000000717,32.142857142857146,17.559523809523807
