word,length,velocity_x,velocity_y
лепет,0.36000000000001364,40.476190476190474,35.11904761904761
