word,length,velocity_x,velocity_y
своего,0.3299999999999841,10.714285714285712,20.238095238095237
