word,length,velocity_x,velocity_y
во-первых,0.38999999999998636,9.114583333333332,28.645833333333332
