word,length,velocity_x,velocity_y
пить,0.2400000000000091,3.1249999999999996,29.6875
