word,length,velocity_x,velocity_y
которым,0.339932000000033,31.249999999999993,29.51388888888889
