word,length,velocity_x,velocity_y
времени,0.4799999999999045,10.0,20.208333333333332
