word,length,velocity_x,velocity_y
способна,0.5099999999999909,11.931818181818182,19.318181818181817
