word,length,velocity_x,velocity_y
капитализация,0.75,12.132352941176471,18.627450980392158
