word,length,velocity_x,velocity_y
сообщение,0.6899999999999409,8.333333333333332,10.416666666666666
