word,length,velocity_x,velocity_y
сохраняет,0.599999999999909,19.711538461538463,11.217948717948719
