word,length,velocity_x,velocity_y
оказалось,0.6899999999999409,16.40625,24.479166666666668
