word,length,velocity_x,velocity_y
корпораций,0.6299999999998818,47.91666666666667,29.910714285714285
