word,length,velocity_x,velocity_y
несмотря,0.4800000000000182,45.62499999999999,34.166666666666664
