word,length,velocity_x,velocity_y
новости,0.4499999999999318,14.166666666666666,15.833333333333332
