word,length,velocity_x,velocity_y
новости,0.629999999999999,10.416666666666666,10.119047619047619
