word,length,velocity_x,velocity_y
свою,0.2099999999999227,35.416666666666664,8.854166666666668
