word,length,velocity_x,velocity_y
свою,0.2400000000000091,6.25,24.479166666666664
