word,length,velocity_x,velocity_y
вакансия,0.509999999999998,6.4393939393939394,23.863636363636363
