word,length,velocity_x,velocity_y
сын,0.29999999999998295,13.541666666666666,32.63888888888889
