word,length,velocity_x,velocity_y
вызвало,0.36000000000001364,7.73809523809524,35.416666666666664
