word,length,velocity_x,velocity_y
инструментами,0.75,7.107843137254902,7.8431372549019605
