word,length,velocity_x,velocity_y
одиннадцать,0.57000000000005,6.597222222222222,19.965277777777775
