word,length,velocity_x,velocity_y
создать,0.36000000000001364,5.654761904761905,26.190476190476193
