word,length,velocity_x,velocity_y
создать,0.36000000000001364,12.500000000000004,20.833333333333332
