word,length,velocity_x,velocity_y
создать,0.4499999999999318,6.481481481481481,16.435185185185183
