word,length,velocity_x,velocity_y
самом,0.21000000000000796,34.027777777777786,26.38888888888889
