word,length,velocity_x,velocity_y
самом,0.2099999999999227,8.333333333333332,10.416666666666668
