word,length,velocity_x,velocity_y
самом,0.36000000000001364,8.928571428571429,34.82142857142857
