word,length,velocity_x,velocity_y
самом,0.2466800000000262,7.083333333333333,15.416666666666668
