word,length,velocity_x,velocity_y
крупнейших,0.599999999999909,10.096153846153848,13.62179487179487
