word,length,velocity_x,velocity_y
словно,0.36000000000001364,8.035714285714286,25.892857142857146
