word,length,velocity_x,velocity_y
ради,0.3000000000001819,17.5,21.66666666666667
