word,length,velocity_x,velocity_y
ради,0.32999999999992724,48.26388888888889,20.833333333333336
