word,length,velocity_x,velocity_y
этих,0.21000000000000796,13.194444444444445,18.055555555555554
