word,length,velocity_x,velocity_y
этих,0.18000000000000682,5.555555555555555,18.055555555555554
