word,length,velocity_x,velocity_y
этих,0.18000000000000682,10.416666666666668,20.833333333333336
