word,length,velocity_x,velocity_y
тут,0.35999999999999943,11.30952380952381,12.797619047619047
