word,length,velocity_x,velocity_y
тут,0.21000000000003638,26.38888888888889,37.5
