word,length,velocity_x,velocity_y
первому,0.32999999999992724,12.79761904761905,33.035714285714285
