word,length,velocity_x,velocity_y
карт,0.30000000000001137,50.416666666666664,18.75
