word,length,velocity_x,velocity_y
позже,0.4800000000000182,34.166666666666664,11.66666666666667
