word,length,velocity_x,velocity_y
пишут,0.27000000000003865,8.333333333333334,20.0
