word,length,velocity_x,velocity_y
исследователи,0.8699999999998909,8.004385964912283,38.486842105263165
