word,length,velocity_x,velocity_y
карбон,0.5099999999999909,12.5,10.416666666666666
