word,length,velocity_x,velocity_y
ядерной,0.5100000000000193,71.59090909090908,41.666666666666664
