word,length,velocity_x,velocity_y
век,0.2400000000000091,60.9375,21.875000000000004
