word,length,velocity_x,velocity_y
должны,0.38449199999990924,23.80952380952381,37.50000000000001
