word,length,velocity_x,velocity_y
при,0.24114299999996547,7.812500000000002,21.354166666666664
