word,length,velocity_x,velocity_y
при,0.18000000000000682,7.291666666666666,20.833333333333332
