word,length,velocity_x,velocity_y
большим,0.4800000000000182,8.541666666666666,17.916666666666664
