word,length,velocity_x,velocity_y
самостоятельно,0.6599999999999682,19.345238095238095,32.44047619047619
