word,length,velocity_x,velocity_y
сервис,0.4800000000000182,5.625,14.583333333333332
