word,length,velocity_x,velocity_y
сервис,0.4500000000000455,9.259259259259261,9.953703703703704
