word,length,velocity_x,velocity_y
сервис,0.38999999999998636,10.119047619047619,13.69047619047619
