word,length,velocity_x,velocity_y
сервис,0.5035550000000057,9.166666666666666,16.666666666666668
