word,length,velocity_x,velocity_y
собралась,0.4500000000000455,20.208333333333332,32.29166666666667
