word,length,velocity_x,velocity_y
европы,0.4499999999999318,8.101851851851851,16.43518518518519
