word,length,velocity_x,velocity_y
пугает,0.36000000000012733,11.607142857142858,14.285714285714285
