word,length,velocity_x,velocity_y
цифры,0.42000000000007276,8.101851851851853,20.370370370370374
