word,length,velocity_x,velocity_y
цифры,0.36000000000012733,15.47619047619048,14.880952380952378
