word,length,velocity_x,velocity_y
цифры,0.2999999999999545,10.76388888888889,27.083333333333332
