word,length,velocity_x,velocity_y
сферы,0.34605499999997846,9.027777777777779,12.5
