word,length,velocity_x,velocity_y
нас,0.18000000000006366,22.916666666666664,34.72222222222223
