word,length,velocity_x,velocity_y
нас,0.18000000000006366,5.208333333333333,9.375
