word,length,velocity_x,velocity_y
войти,0.4499999999999318,13.958333333333334,22.083333333333336
