word,length,velocity_x,velocity_y
войти,0.34713900000002695,5.555555555555555,5.902777777777779
