word,length,velocity_x,velocity_y
войти,0.3300000000000409,7.638888888888888,8.680555555555557
