word,length,velocity_x,velocity_y
войти,0.3299999999999841,16.666666666666664,9.722222222222223
