word,length,velocity_x,velocity_y
девятнадцатом,0.7410129999999953,7.552083333333334,13.151041666666666
