word,length,velocity_x,velocity_y
законы,0.5099999999999909,15.151515151515152,9.659090909090908
