word,length,velocity_x,velocity_y
департамент,1.1399999999999864,32.79320987654321,22.0679012345679
