word,length,velocity_x,velocity_y
идеи,0.38999999999998636,14.285714285714285,31.8452380952381
