word,length,velocity_x,velocity_y
понимать,0.36000000000012733,39.285714285714285,33.035714285714285
