word,length,velocity_x,velocity_y
по,0.21000000000000796,15.624999999999996,33.85416666666667
