word,length,velocity_x,velocity_y
по,0.14999999999997726,25.0,23.958333333333332
