word,length,velocity_x,velocity_y
по,0.2999999999999545,19.583333333333336,14.583333333333334
