word,length,velocity_x,velocity_y
по,0.17999999999994998,11.458333333333332,4.166666666666666
