word,length,velocity_x,velocity_y
по,0.08999999999991815,12.5,4.166666666666666
