word,length,velocity_x,velocity_y
по,0.1799999999998363,51.388888888888886,46.52777777777777
