word,length,velocity_x,velocity_y
по,0.12287100000003193,64.58333333333334,35.41666666666667
