word,length,velocity_x,velocity_y
по,0.12000000000000455,2.083333333333333,6.25
