word,length,velocity_x,velocity_y
по,0.1500000000000341,9.375,23.958333333333332
