word,length,velocity_x,velocity_y
по,0.18000000000000682,12.5,22.222222222222225
