word,length,velocity_x,velocity_y
по,0.14999999999997726,11.458333333333334,7.291666666666667
