word,length,velocity_x,velocity_y
по,0.15000000000009095,16.666666666666668,16.666666666666668
