word,length,velocity_x,velocity_y
по,0.15000000000000568,14.583333333333334,13.541666666666668
