word,length,velocity_x,velocity_y
по,0.15000000000000568,9.375,17.708333333333332
