word,length,velocity_x,velocity_y
по,0.15000000000000568,6.25,16.666666666666664
