word,length,velocity_x,velocity_y
по,0.13306599999998525,10.416666666666668,10.416666666666668
