word,length,velocity_x,velocity_y
по,0.18000000000000682,5.208333333333333,27.083333333333332
