word,length,velocity_x,velocity_y
по,0.14999999999997726,6.25,10.416666666666666
