word,length,velocity_x,velocity_y
по,0.15000000000000568,17.708333333333332,38.54166666666667
