word,length,velocity_x,velocity_y
по,0.12000000000000455,14.583333333333334,10.416666666666668
