word,length,velocity_x,velocity_y
по,0.17999999999994998,6.25,14.583333333333334
