word,length,velocity_x,velocity_y
по,0.12000000000000455,4.166666666666666,41.66666666666667
