word,length,velocity_x,velocity_y
по,0.1500000000000341,17.708333333333336,36.458333333333336
