word,length,velocity_x,velocity_y
по,0.23999999999995225,7.812500000000002,4.166666666666667
