word,length,velocity_x,velocity_y
по,0.15000000000009095,25.0,33.33333333333333
