word,length,velocity_x,velocity_y
по,0.17999999999994998,32.29166666666667,11.458333333333332
