word,length,velocity_x,velocity_y
каждая,0.30000000000001137,20.138888888888886,14.23611111111111
