word,length,velocity_x,velocity_y
знаешь,0.20999999999997954,18.229166666666664,15.625
