word,length,velocity_x,velocity_y
знаешь,0.21489299999996092,13.194444444444445,9.722222222222223
