word,length,velocity_x,velocity_y
знаешь,0.4499999999999318,10.833333333333332,7.916666666666668
