word,length,velocity_x,velocity_y
пороге,0.38999999999998636,8.928571428571429,34.523809523809526
