word,length,velocity_x,velocity_y
превысили,0.5370699999999715,7.954545454545453,12.878787878787879
