word,length,velocity_x,velocity_y
основатель,0.6000000000000227,6.0897435897435885,12.5
