word,length,velocity_x,velocity_y
участнику,0.5699999999999363,10.243055555555557,29.166666666666668
