word,length,velocity_x,velocity_y
область,0.3300000000000409,11.11111111111111,17.013888888888893
