word,length,velocity_x,velocity_y
шестнадцатом,0.4800000000000182,16.249999999999996,29.166666666666664
