word,length,velocity_x,velocity_y
глобальном,0.4800000000000182,8.958333333333334,17.708333333333336
