word,length,velocity_x,velocity_y
марс,0.35999999999999943,22.321428571428577,20.238095238095237
