word,length,velocity_x,velocity_y
семь,0.2999999999999545,12.847222222222223,21.180555555555557
