word,length,velocity_x,velocity_y
семь,0.2999999999999545,50.34722222222222,30.555555555555557
