word,length,velocity_x,velocity_y
удалённо,0.5699999999999363,7.3717948717948705,12.5
