word,length,velocity_x,velocity_y
готовых,0.38999999999998636,11.607142857142858,16.36904761904762
