word,length,velocity_x,velocity_y
практических,0.6300000000000523,5.5059523809523805,7.440476190476189
