word,length,velocity_x,velocity_y
зашли,0.2699999999999996,17.5,33.333333333333336
