word,length,velocity_x,velocity_y
сервисе,0.75,3.676470588235293,10.294117647058822
