word,length,velocity_x,velocity_y
возглавила,0.6599999999999682,15.694444444444441,30.694444444444454
