word,length,velocity_x,velocity_y
реванш,0.4799999999999969,7.708333333333332,27.083333333333336
