word,length,velocity_x,velocity_y
потребовал,0.5099999999999909,10.606060606060606,16.85606060606061
