word,length,velocity_x,velocity_y
вполне,0.5099999999999909,24.791666666666664,22.70833333333333
