word,length,velocity_x,velocity_y
вполне,0.2999999999999545,12.499999999999996,8.333333333333334
