word,length,velocity_x,velocity_y
вполне,0.38999999999998636,25.78125,11.197916666666666
