word,length,velocity_x,velocity_y
в,0.14999999999999858,20.833333333333336,17.708333333333332
