word,length,velocity_x,velocity_y
в,0.2699999999999818,13.750000000000002,55.00000000000001
