word,length,velocity_x,velocity_y
в,0.32999999999992724,10.416666666666666,16.964285714285715
