word,length,velocity_x,velocity_y
в,0.09000000000000341,14.583333333333334,39.58333333333333
