word,length,velocity_x,velocity_y
в,0.4800000000000182,15.0,22.08333333333333
