word,length,velocity_x,velocity_y
в,0.1799999999999926,26.38888888888889,55.55555555555556
