word,length,velocity_x,velocity_y
в,0.14999999999999147,8.333333333333332,20.833333333333336
