word,length,velocity_x,velocity_y
в,0.12000000000000455,14.583333333333334,54.166666666666664
