word,length,velocity_x,velocity_y
в,0.1500000000000341,9.375,17.708333333333336
