word,length,velocity_x,velocity_y
в,0.15000000000000568,2.083333333333333,33.333333333333336
