word,length,velocity_x,velocity_y
в,0.12000000000000455,8.333333333333332,29.166666666666668
