word,length,velocity_x,velocity_y
в,0.0963869999999929,10.416666666666668,6.25
