word,length,velocity_x,velocity_y
в,0.12000000000000455,6.25,52.083333333333336
