word,length,velocity_x,velocity_y
в,0.35999999999999943,17.261904761904763,20.238095238095237
