word,length,velocity_x,velocity_y
в,0.09000000000000341,4.166666666666666,2.083333333333333
