word,length,velocity_x,velocity_y
в,0.11999999999997613,6.25,41.66666666666667
