word,length,velocity_x,velocity_y
в,0.4800000000000182,10.208333333333334,13.125
