word,length,velocity_x,velocity_y
в,0.2399999999998954,7.291666666666666,10.416666666666666
