word,length,velocity_x,velocity_y
в,0.1971090000000686,9.027777777777777,31.25
