word,length,velocity_x,velocity_y
в,0.12000000000000455,22.916666666666664,45.83333333333333
