word,length,velocity_x,velocity_y
купертино,0.7094239999999985,37.109375000000014,25.0
