word,length,velocity_x,velocity_y
денег,0.2999999999999545,74.58333333333333,44.58333333333333
