word,length,velocity_x,velocity_y
денег,0.2999999999999545,77.5,7.916666666666666
