word,length,velocity_x,velocity_y
денег,0.32999999999992724,11.458333333333332,7.638888888888888
