word,length,velocity_x,velocity_y
серверов,0.4800000000000182,14.16666666666667,17.5
