word,length,velocity_x,velocity_y
тела,0.42000000000007276,4.398148148148148,4.861111111111112
