word,length,velocity_x,velocity_y
недвижимость,0.6599999999999682,19.3452380952381,17.857142857142858
