word,length,velocity_x,velocity_y
день,0.2100000000000002,6.25,11.111111111111112
