word,length,velocity_x,velocity_y
работу,0.38999999999998636,5.729166666666667,5.729166666666666
