word,length,velocity_x,velocity_y
работу,0.4199999999999591,8.796296296296296,13.194444444444448
