word,length,velocity_x,velocity_y
работу,0.4200000000000159,9.895833333333334,15.885416666666666
