word,length,velocity_x,velocity_y
говорят,0.4199999999999591,6.25,12.73148148148148
