word,length,velocity_x,velocity_y
говорят,0.36000000000001364,4.464285714285714,16.666666666666664
