word,length,velocity_x,velocity_y
то,0.14999999999997726,27.083333333333332,8.333333333333332
