word,length,velocity_x,velocity_y
то,0.15000000000009095,61.45833333333333,15.625
