word,length,velocity_x,velocity_y
то,0.11999999999989086,18.75,16.666666666666664
