word,length,velocity_x,velocity_y
то,0.14999999999999858,78.125,54.166666666666664
