word,length,velocity_x,velocity_y
такая,0.38999999999998636,11.71875,14.583333333333334
