word,length,velocity_x,velocity_y
сайте,0.4200000000000017,10.9375,15.364583333333334
