word,length,velocity_x,velocity_y
навыков,0.4800000000000182,12.916666666666668,12.291666666666664
