word,length,velocity_x,velocity_y
раскрывают,0.6000000000000227,8.333333333333332,14.903846153846152
