word,length,velocity_x,velocity_y
так,0.21000000000003638,30.555555555555557,32.63888888888889
