word,length,velocity_x,velocity_y
так,0.18000000000006366,17.361111111111114,8.333333333333332
