word,length,velocity_x,velocity_y
так,0.18000000000006366,16.666666666666668,56.25
