word,length,velocity_x,velocity_y
так,0.17999999999994998,16.666666666666664,24.999999999999996
