word,length,velocity_x,velocity_y
так,0.17999999999994998,10.416666666666666,20.833333333333332
