word,length,velocity_x,velocity_y
так,0.2400000000000091,10.9375,21.354166666666668
