word,length,velocity_x,velocity_y
так,0.30000000000001137,10.416666666666668,8.75
