word,length,velocity_x,velocity_y
так,0.2681840000000193,14.166666666666666,12.083333333333336
