word,length,velocity_x,velocity_y
так,0.1799999999999926,26.041666666666668,45.833333333333336
