word,length,velocity_x,velocity_y
так,0.35999999999999943,8.630952380952381,33.63095238095238
