word,length,velocity_x,velocity_y
так,0.15000000000000568,27.083333333333336,31.25
