word,length,velocity_x,velocity_y
пасут,0.509999999999998,22.34848484848485,33.1439393939394
