word,length,velocity_x,velocity_y
перемещаться,0.5699999999999932,23.4375,31.770833333333336
