word,length,velocity_x,velocity_y
величиной,0.6899999999999977,7.942708333333334,13.020833333333334
