word,length,velocity_x,velocity_y
инструментов,0.7558589999999867,6.740196078431373,8.333333333333334
