word,length,velocity_x,velocity_y
честно,0.4199999999999875,9.375,5.989583333333333
