word,length,velocity_x,velocity_y
честно,0.4621000000000208,10.416666666666668,14.791666666666666
