word,length,velocity_x,velocity_y
честно,0.2999999999999545,9.027777777777779,14.583333333333334
