word,length,velocity_x,velocity_y
честно,0.2999999999999545,62.083333333333336,25.0
