word,length,velocity_x,velocity_y
честно,0.2699999999999818,5.0,17.083333333333332
