word,length,velocity_x,velocity_y
честно,0.2999999999999545,10.416666666666668,16.666666666666668
