word,length,velocity_x,velocity_y
честно,0.30000000000001137,10.069444444444446,13.541666666666666
