word,length,velocity_x,velocity_y
честно,0.36000000000001364,24.107142857142858,27.380952380952383
