word,length,velocity_x,velocity_y
серверные,0.4736130000000003,16.666666666666668,25.83333333333333
