word,length,velocity_x,velocity_y
немало,0.5399999999999636,11.174242424242426,37.12121212121212
