word,length,velocity_x,velocity_y
тесты,0.4199999999998454,7.03125,22.135416666666668
