word,length,velocity_x,velocity_y
автоматически,0.900000000000091,8.124999999999998,15.104166666666668
