word,length,velocity_x,velocity_y
местных,0.38999999999998636,5.46875,5.989583333333334
