word,length,velocity_x,velocity_y
заканчивается,0.75,6.862745098039216,9.558823529411764
