word,length,velocity_x,velocity_y
убийствами,0.44999999999998863,14.814814814814813,20.601851851851848
