word,length,velocity_x,velocity_y
промышленность,0.7799999999999727,10.532407407407408,20.949074074074076
