word,length,velocity_x,velocity_y
звучит,0.4499999999999318,9.166666666666668,12.916666666666668
