word,length,velocity_x,velocity_y
справляются,0.7199999999999989,7.291666666666666,17.838541666666668
