word,length,velocity_x,velocity_y
бюджетных,0.6299999999999955,6.9940476190476195,17.410714285714285
