word,length,velocity_x,velocity_y
четыре,0.48064499999998134,7.916666666666666,11.666666666666666
