word,length,velocity_x,velocity_y
четыре,0.38999999999998636,5.729166666666666,15.364583333333332
