word,length,velocity_x,velocity_y
четыре,0.3300000000000409,8.035714285714286,3.571428571428571
