word,length,velocity_x,velocity_y
удивился,0.5736179999998967,16.666666666666664,17.70833333333333
