word,length,velocity_x,velocity_y
удивился,0.4499999999998181,67.12962962962963,12.268518518518517
