word,length,velocity_x,velocity_y
наших,0.3299999999999841,11.11111111111111,10.069444444444446
