word,length,velocity_x,velocity_y
наших,0.3599999999999568,7.738095238095237,5.059523809523809
