word,length,velocity_x,velocity_y
наших,0.4800000000000182,7.916666666666668,28.541666666666664
