word,length,velocity_x,velocity_y
провинции,0.599999999999909,9.935897435897436,18.269230769230766
