word,length,velocity_x,velocity_y
товаров,0.4199999999999591,7.407407407407408,10.87962962962963
