word,length,velocity_x,velocity_y
главные,0.48081999999999425,11.666666666666666,23.333333333333332
