word,length,velocity_x,velocity_y
проверить,0.44999999999998863,47.29166666666666,25.624999999999996
