word,length,velocity_x,velocity_y
чат,0.36000000000001364,6.845238095238096,16.964285714285715
