word,length,velocity_x,velocity_y
искусственным,0.5699999999999363,31.089743589743584,18.589743589743588
