word,length,velocity_x,velocity_y
говорится,0.539999999999992,16.666666666666664,36.284722222222214
