word,length,velocity_x,velocity_y
говорится,0.2700000000000031,16.666666666666668,17.916666666666664
