word,length,velocity_x,velocity_y
устройствах,0.6299999999999955,9.375,8.928571428571429
