word,length,velocity_x,velocity_y
перегретый,0.5099999999999909,10.984848484848486,13.825757575757573
