word,length,velocity_x,velocity_y
аккаунт,0.5099999999999909,11.931818181818182,8.522727272727272
