word,length,velocity_x,velocity_y
пишите,0.36000000000012733,46.726190476190474,35.71428571428572
