word,length,velocity_x,velocity_y
произошло,0.6299999999999955,18.589743589743588,18.429487179487182
