word,length,velocity_x,velocity_y
похож,0.5399999999999636,16.477272727272727,14.772727272727273
