word,length,velocity_x,velocity_y
привело,0.4200000000000159,12.731481481481483,14.35185185185185
