word,length,velocity_x,velocity_y
мы,0.33000000000000007,14.285714285714285,49.404761904761905
