word,length,velocity_x,velocity_y
мы,0.12000000000000455,58.333333333333336,18.75
