word,length,velocity_x,velocity_y
мы,0.1199999999999477,2.083333333333333,16.666666666666664
