word,length,velocity_x,velocity_y
мы,0.30000000000001137,124.99999999999997,49.30555555555555
