word,length,velocity_x,velocity_y
мы,0.1593159999999898,51.041666666666664,39.58333333333333
