word,length,velocity_x,velocity_y
мы,0.14999999999997726,27.083333333333336,26.041666666666668
