word,length,velocity_x,velocity_y
мы,0.12000000000000455,35.41666666666667,25.0
