word,length,velocity_x,velocity_y
мы,0.14999999999997726,20.833333333333336,43.75
