word,length,velocity_x,velocity_y
мы,0.36000000000012733,17.559523809523807,25.595238095238095
