word,length,velocity_x,velocity_y
мы,0.120000000000001,4.166666666666666,39.58333333333333
