word,length,velocity_x,velocity_y
мы,0.14999999999986358,18.75,41.66666666666667
