word,length,velocity_x,velocity_y
соло,0.4199999999999591,8.59375,15.885416666666666
