word,length,velocity_x,velocity_y
соло,0.36000000000012733,6.845238095238095,8.630952380952381
