word,length,velocity_x,velocity_y
волнового,0.5400000000000773,6.597222222222222,15.277777777777777
