word,length,velocity_x,velocity_y
волнового,0.5400000000000773,6.423611111111111,17.361111111111107
