word,length,velocity_x,velocity_y
возрастному,1.1100000000000136,71.07371794871794,43.66987179487181
