word,length,velocity_x,velocity_y
маркетолог,0.6600000000000819,14.86111111111111,18.33333333333334
