word,length,velocity_x,velocity_y
джанго,0.4200000000000159,13.020833333333332,19.270833333333336
