word,length,velocity_x,velocity_y
руками,0.32999999999992724,18.154761904761905,17.55952380952381
