word,length,velocity_x,velocity_y
сложным,0.7199999999999989,17.1875,22.005208333333332
