word,length,velocity_x,velocity_y
одессе,0.6300000000001091,6.9940476190476195,9.672619047619047
