word,length,velocity_x,velocity_y
выполнив,0.4199999999999591,10.87962962962963,26.851851851851855
