word,length,velocity_x,velocity_y
простую,0.47999999999996135,7.291666666666667,24.374999999999996
