word,length,velocity_x,velocity_y
раньше,0.35999999999989996,25.892857142857146,14.880952380952378
