word,length,velocity_x,velocity_y
предотвратить,0.75,7.352941176470587,18.137254901960787
