word,length,velocity_x,velocity_y
устали,0.3599999999999568,31.845238095238095,22.61904761904762
