word,length,velocity_x,velocity_y
выступить,0.4500000000000455,15.972222222222223,46.52777777777778
