word,length,velocity_x,velocity_y
начинающим,0.5699999999999363,8.854166666666668,21.006944444444446
