word,length,velocity_x,velocity_y
трагедия,0.5400000000000205,11.363636363636362,11.174242424242426
