word,length,velocity_x,velocity_y
любого,0.5699999999999932,11.631944444444443,32.63888888888889
