word,length,velocity_x,velocity_y
веке,0.39000000000000057,10.416666666666668,16.927083333333332
