word,length,velocity_x,velocity_y
помню,0.5700000000000074,14.583333333333329,11.11111111111111
