word,length,velocity_x,velocity_y
помню,0.4200000000000017,6.510416666666666,12.760416666666666
