word,length,velocity_x,velocity_y
помню,0.4200000000000017,8.072916666666666,16.40625
