word,length,velocity_x,velocity_y
помню,0.45000000000001705,10.648148148148147,17.59259259259259
