word,length,velocity_x,velocity_y
помню,0.44999999999998863,9.027777777777777,44.21296296296297
