word,length,velocity_x,velocity_y
помню,0.4499999999999318,8.101851851851851,15.972222222222223
