word,length,velocity_x,velocity_y
этом,0.20999999999997954,10.416666666666668,18.055555555555554
