word,length,velocity_x,velocity_y
этом,0.2700000000000955,7.916666666666666,11.666666666666666
