word,length,velocity_x,velocity_y
этом,0.21000000000000796,8.333333333333332,15.277777777777777
