word,length,velocity_x,velocity_y
компаний,0.5099999999999909,6.060606060606061,16.098484848484848
