word,length,velocity_x,velocity_y
компаний,0.4500000000000455,7.083333333333333,11.25
