word,length,velocity_x,velocity_y
компаний,0.5099999999999909,9.090909090909092,17.992424242424242
