word,length,velocity_x,velocity_y
искусственного,0.5699999999999363,8.680555555555554,8.506944444444446
