word,length,velocity_x,velocity_y
меня,0.14999999999997726,18.75,29.166666666666668
