word,length,velocity_x,velocity_y
меня,0.14999999999999858,35.416666666666664,27.083333333333336
