word,length,velocity_x,velocity_y
меня,0.17999999999994998,35.41666666666667,13.888888888888893
