word,length,velocity_x,velocity_y
меня,0.17999999999994998,30.208333333333336,32.29166666666667
