word,length,velocity_x,velocity_y
меня,0.2400000000000091,35.416666666666664,15.625
