word,length,velocity_x,velocity_y
меня,0.29115200000001096,2.9166666666666665,10.416666666666668
