word,length,velocity_x,velocity_y
меня,0.2999999999999998,6.25,17.916666666666668
