word,length,velocity_x,velocity_y
меня,0.2400000000000002,18.75,83.33333333333333
