word,length,velocity_x,velocity_y
меня,0.29999999999999716,7.638888888888888,15.972222222222223
