word,length,velocity_x,velocity_y
меня,0.20999999999999375,6.25,13.541666666666668
