word,length,velocity_x,velocity_y
меня,0.20999999999999996,81.77083333333334,62.5
