word,length,velocity_x,velocity_y
ассоциация,0.8100000000000023,4.74537037037037,12.73148148148148
