word,length,velocity_x,velocity_y
могли,0.289937000000009,4.583333333333333,6.666666666666668
