word,length,velocity_x,velocity_y
партнёров,0.5699999999999363,14.423076923076922,41.18589743589744
