word,length,velocity_x,velocity_y
реальных,0.38999999999998636,8.072916666666668,10.156249999999998
