word,length,velocity_x,velocity_y
реальных,0.5099999999999909,8.958333333333336,13.541666666666668
