word,length,velocity_x,velocity_y
реальных,0.4200000000000159,9.375,6.510416666666667
