word,length,velocity_x,velocity_y
плоскую,0.480000000000004,8.125000000000002,5.625
