word,length,velocity_x,velocity_y
управление,0.5699999999999932,11.979166666666668,32.98611111111111
