word,length,velocity_x,velocity_y
могло,0.27079099999997425,33.85416666666667,19.270833333333332
