word,length,velocity_x,velocity_y
пальцы,0.4200000000000159,21.99074074074074,15.50925925925926
