word,length,velocity_x,velocity_y
берём,0.35999999999989996,10.714285714285714,14.880952380952381
