word,length,velocity_x,velocity_y
допросить,0.4499999999999318,10.185185185185185,18.98148148148148
