word,length,velocity_x,velocity_y
детства,0.4500000000000455,6.712962962962962,11.574074074074076
