word,length,velocity_x,velocity_y
заходите,0.4800000000000182,6.666666666666667,12.708333333333336
