word,length,velocity_x,velocity_y
языку,0.38999999999998636,7.03125,5.989583333333334
