word,length,velocity_x,velocity_y
обычно,0.3900000000000001,24.739583333333332,38.80208333333333
