word,length,velocity_x,velocity_y
привет,0.4500000000000455,13.194444444444445,25.23148148148148
