word,length,velocity_x,velocity_y
выяснить,0.5400000000000205,21.21212121212121,10.606060606060606
