word,length,velocity_x,velocity_y
наклеек,0.5400000000000773,10.606060606060606,8.901515151515152
