word,length,velocity_x,velocity_y
улучшенной,0.5399999999999991,14.393939393939394,22.15909090909091
