word,length,velocity_x,velocity_y
миллионов,0.6000000000001364,8.012820512820513,13.461538461538463
