word,length,velocity_x,velocity_y
стран,0.4800000000000182,12.291666666666668,45.41666666666667
