word,length,velocity_x,velocity_y
стран,0.36000000000001364,11.904761904761903,20.833333333333336
