word,length,velocity_x,velocity_y
выходить,0.4199999999999591,5.208333333333334,6.25
