word,length,velocity_x,velocity_y
список,0.3299999999999841,62.15277777777778,43.05555555555555
