word,length,velocity_x,velocity_y
горами,0.4500000000000455,20.60185185185185,21.296296296296298
