word,length,velocity_x,velocity_y
правил,0.6300000000001091,8.333333333333332,19.71153846153846
