word,length,velocity_x,velocity_y
страхи,0.4997459999999876,8.522727272727272,5.681818181818182
