word,length,velocity_x,velocity_y
михаил,0.4500000000000455,15.509259259259261,40.74074074074074
