word,length,velocity_x,velocity_y
ронан,0.5099999999999909,14.791666666666666,10.416666666666666
