word,length,velocity_x,velocity_y
тому,0.2400000000000091,12.499999999999998,25.520833333333332
