word,length,velocity_x,velocity_y
идти,0.27000000000003865,8.333333333333334,16.666666666666668
