word,length,velocity_x,velocity_y
идти,0.31822299999998904,6.597222222222222,10.76388888888889
