word,length,velocity_x,velocity_y
наблюдать,0.5700000000000074,12.500000000000004,14.930555555555555
