word,length,velocity_x,velocity_y
винда,0.3900000000000148,9.635416666666668,5.208333333333333
