word,length,velocity_x,velocity_y
закрывать,0.5699999999999363,4.647435897435897,12.98076923076923
