word,length,velocity_x,velocity_y
рассказали,0.5399999999999636,6.770833333333333,15.79861111111111
