word,length,velocity_x,velocity_y
процентов,0.6000000000000227,14.102564102564102,17.1474358974359
