word,length,velocity_x,velocity_y
процентов,0.5400000000000205,6.597222222222222,13.888888888888888
