word,length,velocity_x,velocity_y
процентов,0.6336909999999989,6.249999999999999,19.940476190476193
