word,length,velocity_x,velocity_y
процентов,0.5099999999999909,6.875000000000001,10.0
