word,length,velocity_x,velocity_y
процентов,0.5099999999999909,26.51515151515152,18.371212121212118
