word,length,velocity_x,velocity_y
использовали,0.6000000000000227,15.06410256410256,19.07051282051282
