word,length,velocity_x,velocity_y
специалистов,0.6599999999999966,8.055555555555555,14.86111111111111
