word,length,velocity_x,velocity_y
специалистов,0.8100000000000023,7.986111111111111,14.699074074074073
