word,length,velocity_x,velocity_y
специалистов,0.6899999999999977,23.611111111111114,16.666666666666664
