word,length,velocity_x,velocity_y
специалистов,0.75,11.76470588235294,20.220588235294116
