word,length,velocity_x,velocity_y
специалистов,0.75,6.985294117647058,16.29901960784313
