word,length,velocity_x,velocity_y
специалистов,0.8999999999999773,8.333333333333332,7.142857142857144
