word,length,velocity_x,velocity_y
специалистов,0.75,8.455882352941178,20.71078431372549
