word,length,velocity_x,velocity_y
силами,0.4800000000000182,25.83333333333333,24.583333333333336
