word,length,velocity_x,velocity_y
сравнения,0.4799999999999969,8.333333333333334,17.083333333333332
