word,length,velocity_x,velocity_y
айтишников,0.6899999999999977,9.444444444444446,12.499999999999998
