word,length,velocity_x,velocity_y
искусственном,0.6299999999999955,16.346153846153847,17.948717948717945
