word,length,velocity_x,velocity_y
ты,0.12000000000000455,33.33333333333333,16.666666666666664
