word,length,velocity_x,velocity_y
ты,0.18000000000006366,11.458333333333332,23.958333333333332
