word,length,velocity_x,velocity_y
бесконечного,0.6900000000000546,8.203125,11.328125000000002
