word,length,velocity_x,velocity_y
городов,0.4800000000000182,9.374999999999998,22.08333333333334
