word,length,velocity_x,velocity_y
поднялись,0.42000000000007276,15.046296296296294,28.935185185185187
