word,length,velocity_x,velocity_y
образовательном,0.7200000000000273,7.942708333333331,10.937499999999998
