word,length,velocity_x,velocity_y
образовательном,0.6900000000000546,8.984375000000002,16.40625
