word,length,velocity_x,velocity_y
дополненная,0.7799999999999727,15.31862745098039,18.627450980392155
