word,length,velocity_x,velocity_y
восемь,0.4200000000000159,38.54166666666667,12.760416666666666
