word,length,velocity_x,velocity_y
восемь,0.4800000000000182,10.0,10.833333333333332
