word,length,velocity_x,velocity_y
восемь,0.2999999999999545,5.833333333333333,12.083333333333336
