word,length,velocity_x,velocity_y
восемь,0.38999999999987267,8.854166666666668,19.791666666666668
