word,length,velocity_x,velocity_y
самыми,0.39000000000010004,11.979166666666668,15.104166666666668
