word,length,velocity_x,velocity_y
этому,0.30000000000001137,8.333333333333334,15.833333333333336
