word,length,velocity_x,velocity_y
сработает,0.5400000000000063,13.020833333333334,31.944444444444443
