word,length,velocity_x,velocity_y
которые,0.3300000000000409,12.847222222222221,27.430555555555554
