word,length,velocity_x,velocity_y
которые,0.36000000000001364,37.20238095238095,35.41666666666667
