word,length,velocity_x,velocity_y
которые,0.2999999999999545,10.833333333333332,19.166666666666668
