word,length,velocity_x,velocity_y
которые,0.2699999999999818,26.041666666666664,9.895833333333332
