word,length,velocity_x,velocity_y
которые,0.2699999999999818,9.166666666666666,22.083333333333336
