word,length,velocity_x,velocity_y
которые,0.3300000000000409,18.40277777777778,8.680555555555554
