word,length,velocity_x,velocity_y
которые,0.3300000000000409,11.011904761904761,21.13095238095238
