word,length,velocity_x,velocity_y
которые,0.36000000000001364,10.416666666666666,32.44047619047619
