word,length,velocity_x,velocity_y
которые,0.2699999999999818,12.916666666666668,18.749999999999996
