word,length,velocity_x,velocity_y
которые,0.3000000000000682,50.69444444444444,24.305555555555557
