word,length,velocity_x,velocity_y
которые,0.3000000000001819,24.305555555555554,30.208333333333332
