word,length,velocity_x,velocity_y
которые,0.23999999999999844,40.10416666666667,55.208333333333336
