word,length,velocity_x,velocity_y
которые,0.269999999999996,15.0,49.58333333333333
