word,length,velocity_x,velocity_y
которые,0.269999999999996,14.166666666666666,28.749999999999996
