word,length,velocity_x,velocity_y
которые,0.3299999999999983,11.111111111111112,12.847222222222223
