word,length,velocity_x,velocity_y
лил░,0.21000000000003638,120.83333333333333,20.833333333333336
