word,length,velocity_x,velocity_y
лил░,0.32999999999992724,14.930555555555555,37.49999999999999
