word,length,velocity_x,velocity_y
лил░,0.1500000000000341,7.291666666666667,16.666666666666664
