word,length,velocity_x,velocity_y
лил░,0.2099999999999227,6.25,10.416666666666668
