word,length,velocity_x,velocity_y
лил░,0.18000000000006366,22.916666666666668,25.0
