word,length,velocity_x,velocity_y
лил░,0.12000000000000455,0.0,2.083333333333333
