word,length,velocity_x,velocity_y
лил░,0.12000000000000455,8.333333333333332,8.333333333333332
