word,length,velocity_x,velocity_y
лил░,0.15000000000009095,7.291666666666667,11.458333333333332
