word,length,velocity_x,velocity_y
лил░,0.18000000000006366,5.208333333333333,23.958333333333332
