word,length,velocity_x,velocity_y
лил░,0.12000000000000455,68.75,60.416666666666664
