word,length,velocity_x,velocity_y
лил░,0.15000000000009095,9.375,10.416666666666666
