word,length,velocity_x,velocity_y
лил░,0.14999999999986358,30.208333333333332,12.5
