word,length,velocity_x,velocity_y
лил░,0.21000000000003638,69.27083333333334,23.958333333333336
