word,length,velocity_x,velocity_y
лил░,0.18000000000006366,9.027777777777779,47.22222222222223
