word,length,velocity_x,velocity_y
лил░,0.08999999999991815,8.333333333333332,16.666666666666664
