word,length,velocity_x,velocity_y
лил░,0.1799999999998363,13.541666666666668,10.416666666666668
