word,length,velocity_x,velocity_y
лил░,0.14999999999997726,11.458333333333332,18.75
