word,length,velocity_x,velocity_y
занимается,0.4668750000000159,6.712962962962962,29.86111111111111
