word,length,velocity_x,velocity_y
какой-то,0.36000000000001364,20.535714285714285,27.083333333333336
