word,length,velocity_x,velocity_y
пяти,0.35999999999999943,15.178571428571427,55.35714285714285
