word,length,velocity_x,velocity_y
пяти,0.2699999999999818,24.583333333333336,12.083333333333336
