word,length,velocity_x,velocity_y
пяти,0.2400000000000091,13.020833333333334,30.729166666666668
