word,length,velocity_x,velocity_y
пяти,0.5452659999999696,18.229166666666664,34.89583333333333
