word,length,velocity_x,velocity_y
пяти,0.4200000000000159,5.787037037037038,15.277777777777777
