word,length,velocity_x,velocity_y
гнев,0.4221499999999878,28.385416666666668,16.927083333333332
