word,length,velocity_x,velocity_y
приложения,0.6599999999999682,10.565476190476188,11.904761904761905
