word,length,velocity_x,velocity_y
занимаешься,0.5699999999999363,15.224358974358973,18.108974358974358
