word,length,velocity_x,velocity_y
отрывках,0.5099999999999909,9.375000000000002,25.416666666666664
