word,length,velocity_x,velocity_y
прогноз,0.4800000000000182,7.708333333333332,12.708333333333332
