word,length,velocity_x,velocity_y
ужаса,0.42000000000007276,9.114583333333332,11.458333333333332
