word,length,velocity_x,velocity_y
сорока,0.5399999999999636,9.090909090909092,12.31060606060606
