word,length,velocity_x,velocity_y
удивились,0.57000000000005,11.631944444444443,22.916666666666664
