word,length,velocity_x,velocity_y
солар,0.36000000000001364,10.714285714285712,50.297619047619044
