word,length,velocity_x,velocity_y
солар,0.27000000000001023,10.416666666666666,39.166666666666664
