word,length,velocity_x,velocity_y
солар,0.30000000000001137,22.08333333333333,18.749999999999996
