word,length,velocity_x,velocity_y
солар,0.27000000000001023,19.166666666666668,15.833333333333332
