word,length,velocity_x,velocity_y
гражданами,0.6899999999999409,8.333333333333332,13.333333333333334
