word,length,velocity_x,velocity_y
технологическая,0.8099999999999881,8.333333333333332,11.458333333333332
