word,length,velocity_x,velocity_y
требуется,0.57000000000005,11.057692307692307,16.98717948717949
