word,length,velocity_x,velocity_y
прекрасно,0.5699999999999932,9.895833333333332,10.069444444444443
