word,length,velocity_x,velocity_y
выпускников,0.6018159999999853,9.455128205128203,11.538461538461538
