word,length,velocity_x,velocity_y
версия,0.3600000000000003,8.035714285714286,10.416666666666668
