word,length,velocity_x,velocity_y
третьем,0.3300000000001546,22.023809523809526,50.89285714285714
