word,length,velocity_x,velocity_y
пожелать,0.4199999999998454,9.635416666666668,14.84375
