word,length,velocity_x,velocity_y
теперь,0.30000000000001137,12.5,27.500000000000004
