word,length,velocity_x,velocity_y
теперь,0.2699999999999818,9.583333333333332,15.0
