word,length,velocity_x,velocity_y
теперь,0.6000000000001364,18.429487179487182,43.10897435897436
