word,length,velocity_x,velocity_y
теперь,0.3300000000000054,11.30952380952381,13.988095238095239
