word,length,velocity_x,velocity_y
теперь,0.35999999999999943,11.011904761904765,15.773809523809526
