word,length,velocity_x,velocity_y
теперь,0.3299999999999983,18.40277777777778,23.263888888888886
