word,length,velocity_x,velocity_y
запись,0.47999999999998977,48.54166666666666,28.125
