word,length,velocity_x,velocity_y
где-то,0.42000000000007276,35.93750000000001,25.520833333333332
