word,length,velocity_x,velocity_y
где-то,0.2999999999999545,11.805555555555554,16.319444444444446
