word,length,velocity_x,velocity_y
электронных,0.5699999999999363,19.07051282051282,19.71153846153846
