word,length,velocity_x,velocity_y
последних,0.6600000000000001,7.5892857142857135,19.940476190476193
