word,length,velocity_x,velocity_y
частности,0.5099999999999909,10.795454545454545,24.053030303030305
