word,length,velocity_x,velocity_y
сайтов,0.4199999999999875,8.854166666666666,18.75
