word,length,velocity_x,velocity_y
же,0.12000000000000455,52.083333333333336,16.666666666666664
