word,length,velocity_x,velocity_y
же,0.14999999999997726,13.541666666666668,11.458333333333334
