word,length,velocity_x,velocity_y
же,0.14999999999997726,8.333333333333334,17.708333333333332
