word,length,velocity_x,velocity_y
вообще,0.3300000000000125,14.583333333333334,25.694444444444443
