word,length,velocity_x,velocity_y
вообще,0.2400000000000091,30.729166666666664,9.895833333333334
