word,length,velocity_x,velocity_y
вообще,0.39000000000010004,47.13541666666667,19.791666666666664
