word,length,velocity_x,velocity_y
вообще,0.2999999999999545,33.333333333333336,24.16666666666667
