word,length,velocity_x,velocity_y
вообще,0.5399999999999636,19.444444444444446,15.624999999999996
