word,length,velocity_x,velocity_y
вообще,0.31406300000003284,58.68055555555556,13.88888888888889
