word,length,velocity_x,velocity_y
вообще,0.2400000000000091,17.187500000000004,18.75
