word,length,velocity_x,velocity_y
вообще,0.2102940000000899,50.0,15.972222222222223
