word,length,velocity_x,velocity_y
протестировали,0.75,6.1274509803921555,10.294117647058822
