word,length,velocity_x,velocity_y
регистрируйтесь,0.9900000000000091,13.405797101449274,17.7536231884058
