word,length,velocity_x,velocity_y
мастер,0.38999999999998636,9.375,10.416666666666668
