word,length,velocity_x,velocity_y
смогла,0.4199999999998454,12.760416666666666,23.4375
