word,length,velocity_x,velocity_y
угроза,0.539999999999992,6.770833333333333,13.368055555555555
