word,length,velocity_x,velocity_y
федеральное,0.539999999999992,18.923611111111107,12.673611111111112
