word,length,velocity_x,velocity_y
ребята,0.38999999999998636,18.489583333333332,14.583333333333334
