word,length,velocity_x,velocity_y
тяжёлого,0.5722120000000359,9.375,15.277777777777777
