word,length,velocity_x,velocity_y
тоталитарное,0.8999999999999773,12.599206349206348,25.892857142857146
