word,length,velocity_x,velocity_y
женщин,0.6503169999999727,7.88690476190476,14.285714285714285
