word,length,velocity_x,velocity_y
шести,0.5099999999999909,14.393939393939393,27.083333333333332
