word,length,velocity_x,velocity_y
шести,0.7200000000000024,6.380208333333333,9.895833333333332
