word,length,velocity_x,velocity_y
шести,0.5999999999999943,4.166666666666667,8.493589743589743
