word,length,velocity_x,velocity_y
шести,0.36000000000001364,5.059523809523809,14.583333333333332
