word,length,velocity_x,velocity_y
центров,0.47999999999996135,8.541666666666666,12.083333333333332
