word,length,velocity_x,velocity_y
мелким,0.39000000000010004,19.270833333333336,32.03125
