word,length,velocity_x,velocity_y
поставить,0.5099999999999909,50.56818181818182,15.909090909090908
