word,length,velocity_x,velocity_y
низко,0.32999999999992724,7.291666666666667,14.930555555555555
