word,length,velocity_x,velocity_y
поддерживают,0.480000000000004,9.791666666666668,16.041666666666664
