word,length,velocity_x,velocity_y
напишите,0.5699999999999363,10.416666666666664,18.229166666666664
