word,length,velocity_x,velocity_y
был,0.1799999999998363,9.375,10.416666666666668
