word,length,velocity_x,velocity_y
дороже,0.540000000000191,21.527777777777775,23.4375
