word,length,velocity_x,velocity_y
обычных,0.39000000000000057,8.854166666666668,18.749999999999996
