word,length,velocity_x,velocity_y
виды,0.3000000000001819,29.86111111111111,74.65277777777779
