word,length,velocity_x,velocity_y
дикое,0.3000000000000007,10.416666666666668,16.666666666666664
