word,length,velocity_x,velocity_y
двадцатом,0.4500000000000455,8.564814814814815,31.944444444444443
