word,length,velocity_x,velocity_y
двадцатом,0.4499999999999318,8.564814814814813,26.15740740740741
