word,length,velocity_x,velocity_y
определяем,0.4199999999999591,11.979166666666668,17.708333333333336
