word,length,velocity_x,velocity_y
говно,0.3812399999999343,7.738095238095237,25.29761904761905
