word,length,velocity_x,velocity_y
российского,0.9900000000000091,18.659420289855074,49.72826086956522
