word,length,velocity_x,velocity_y
идёт,0.23021499999993011,15.625,16.666666666666668
