word,length,velocity_x,velocity_y
никогда,0.5099999999999909,49.810606060606055,28.78787878787879
