word,length,velocity_x,velocity_y
многовато,0.4500000000000455,26.851851851851844,21.296296296296298
