word,length,velocity_x,velocity_y
грязными,0.4800000000000182,46.24999999999999,19.375
