word,length,velocity_x,velocity_y
майкрософт,0.5700000000001637,13.942307692307693,15.865384615384615
