word,length,velocity_x,velocity_y
тридцать,0.36000000000001364,20.535714285714285,21.13095238095238
