word,length,velocity_x,velocity_y
тридцать,0.36000000000001364,18.452380952380953,43.154761904761905
