word,length,velocity_x,velocity_y
тридцать,0.47999999999998977,5.416666666666666,9.374999999999996
