word,length,velocity_x,velocity_y
тридцать,0.4500000000000455,5.555555555555555,10.416666666666668
