word,length,velocity_x,velocity_y
марсианских,0.7520950000000042,11.029411764705882,17.27941176470588
