word,length,velocity_x,velocity_y
свои,0.2999999999999545,5.833333333333333,7.916666666666666
