word,length,velocity_x,velocity_y
свои,0.36000000000001364,9.821428571428571,22.61904761904762
