word,length,velocity_x,velocity_y
свои,0.2700000000000955,11.666666666666666,32.083333333333336
