word,length,velocity_x,velocity_y
открытое,0.7200000000000273,10.026041666666668,17.057291666666664
