word,length,velocity_x,velocity_y
использовались,0.509999999999998,7.765151515151514,12.878787878787879
