word,length,velocity_x,velocity_y
возможно,0.8108789999999999,34.9537037037037,33.56481481481482
