word,length,velocity_x,velocity_y
возможно,0.6299999999999955,8.173076923076923,8.814102564102564
