word,length,velocity_x,velocity_y
возможно,0.57000000000005,9.027777777777777,9.54861111111111
