word,length,velocity_x,velocity_y
свиней,0.4799999999999045,7.916666666666666,17.5
