word,length,velocity_x,velocity_y
днепре,0.4800000000000182,22.916666666666664,26.875
