word,length,velocity_x,velocity_y
шахматы,0.5312399999997979,22.53787878787879,29.166666666666664
