word,length,velocity_x,velocity_y
шахматы,0.4800000000000182,20.416666666666668,20.0
