word,length,velocity_x,velocity_y
одну,0.18000000000000682,25.0,35.416666666666664
