word,length,velocity_x,velocity_y
американских,0.6000000000000227,7.371794871794872,11.057692307692307
