word,length,velocity_x,velocity_y
том,0.2699999999999818,8.854166666666668,9.375
