word,length,velocity_x,velocity_y
том,0.14999999999999147,25.0,22.916666666666668
