word,length,velocity_x,velocity_y
том,0.17999999999994998,11.805555555555557,15.972222222222221
