word,length,velocity_x,velocity_y
эта,0.15262200000000803,30.208333333333336,26.041666666666668
