word,length,velocity_x,velocity_y
эта,0.1799999999998363,14.583333333333332,14.583333333333334
