word,length,velocity_x,velocity_y
эта,0.17999999999994998,7.291666666666667,7.291666666666666
