word,length,velocity_x,velocity_y
эта,0.3900000000000148,10.677083333333334,12.760416666666668
