word,length,velocity_x,velocity_y
значительно,0.4800000000000182,16.458333333333336,35.416666666666664
