word,length,velocity_x,velocity_y
следующего,0.6634419999999963,6.696428571428571,15.922619047619047
