word,length,velocity_x,velocity_y
лишь,0.2400000000000091,8.854166666666666,40.625
