word,length,velocity_x,velocity_y
глава,0.3000000000001819,10.416666666666668,27.083333333333336
