word,length,velocity_x,velocity_y
комментарии,0.5099999999999909,9.28030303030303,13.636363636363635
