word,length,velocity_x,velocity_y
около,0.39000000000000057,11.979166666666668,44.79166666666667
