word,length,velocity_x,velocity_y
около,0.2999999999999545,12.847222222222221,13.888888888888888
