word,length,velocity_x,velocity_y
около,0.3000000000001819,11.666666666666666,11.666666666666666
