word,length,velocity_x,velocity_y
измеряются,0.57000000000005,8.506944444444443,13.194444444444445
