word,length,velocity_x,velocity_y
видим,0.2999999999999545,64.58333333333334,18.055555555555554
