word,length,velocity_x,velocity_y
видим,0.2999999999999545,9.027777777777777,21.52777777777778
