word,length,velocity_x,velocity_y
никто,0.4799999999999045,17.708333333333336,31.875000000000004
