word,length,velocity_x,velocity_y
можно,0.38999999999998636,10.677083333333334,17.447916666666664
