word,length,velocity_x,velocity_y
можно,0.23999999999999488,18.749999999999996,19.791666666666664
