word,length,velocity_x,velocity_y
сотрудничает,0.75,4.411764705882353,10.171568627450982
