word,length,velocity_x,velocity_y
вокруг,0.30000000000001137,11.805555555555557,18.402777777777775
