word,length,velocity_x,velocity_y
курсы,0.2699999999999818,36.45833333333333,12.5
