word,length,velocity_x,velocity_y
означает,0.42156700000001024,18.229166666666668,48.69791666666667
