word,length,velocity_x,velocity_y
означает,0.5399999999999636,15.79861111111111,27.083333333333332
