word,length,velocity_x,velocity_y
достаточно,0.4200000000000159,6.944444444444445,26.157407407407412
