word,length,velocity_x,velocity_y
достаточно,0.4800000000000182,53.125,29.375000000000007
