word,length,velocity_x,velocity_y
сказали,0.5099999999999909,8.541666666666666,21.04166666666667
