word,length,velocity_x,velocity_y
ссылочки,0.3899999999999988,16.145833333333332,23.437500000000004
