word,length,velocity_x,velocity_y
мировых,0.42000000000007276,13.020833333333334,34.375
