word,length,velocity_x,velocity_y
просят,0.3299999999999841,17.361111111111114,18.402777777777775
