word,length,velocity_x,velocity_y
натворить,0.5100000000000477,9.46969696969697,21.022727272727266
