word,length,velocity_x,velocity_y
крайней,0.23999999999999488,11.979166666666668,22.916666666666668
