word,length,velocity_x,velocity_y
представляете,0.7800000000000011,30.514705882352942,20.71078431372549
