word,length,velocity_x,velocity_y
будут,0.42000000000007276,18.489583333333336,25.78125
