word,length,velocity_x,velocity_y
будут,0.3000000000000682,19.166666666666668,49.999999999999986
