word,length,velocity_x,velocity_y
будут,0.24272500000006403,9.374999999999998,26.5625
