word,length,velocity_x,velocity_y
будут,0.36000000000001364,42.5595238095238,13.392857142857142
