word,length,velocity_x,velocity_y
будут,0.20999999999997954,9.722222222222223,21.527777777777775
