word,length,velocity_x,velocity_y
будут,0.18000000000006366,7.638888888888888,9.722222222222223
