word,length,velocity_x,velocity_y
одном,0.4500000000000455,4.62962962962963,14.351851851851851
