word,length,velocity_x,velocity_y
подопытных,0.6790429999999787,8.194444444444445,13.194444444444445
