word,length,velocity_x,velocity_y
надвое,0.41856400000006033,12.73148148148148,23.148148148148145
