word,length,velocity_x,velocity_y
будущее,0.47999999999998977,7.083333333333333,13.958333333333334
