word,length,velocity_x,velocity_y
развивается,0.599999999999909,37.980769230769226,17.307692307692307
