word,length,velocity_x,velocity_y
сегодня,0.3599999999999999,30.654761904761905,51.488095238095234
