word,length,velocity_x,velocity_y
сегодня,0.3899999999999997,11.979166666666666,37.76041666666667
