word,length,velocity_x,velocity_y
сегодня,0.5399999999999636,7.196969696969696,17.045454545454543
