word,length,velocity_x,velocity_y
сегодня,0.7199999999999136,11.848958333333332,14.453125000000004
