word,length,velocity_x,velocity_y
сегодня,0.5099999999999909,9.583333333333334,17.291666666666668
