word,length,velocity_x,velocity_y
ту,0.2400000000000091,8.333333333333334,23.4375
