word,length,velocity_x,velocity_y
пару,0.38999999999998636,5.729166666666666,10.15625
