word,length,velocity_x,velocity_y
сёги,0.5312400000000252,9.659090909090908,20.643939393939394
