word,length,velocity_x,velocity_y
сёги,0.5399999999999636,9.659090909090908,17.992424242424246
