word,length,velocity_x,velocity_y
мне,0.2400000000000091,14.583333333333332,14.0625
