word,length,velocity_x,velocity_y
мне,0.2400000000000091,48.43750000000001,10.9375
