word,length,velocity_x,velocity_y
количества,0.5400000000000773,7.986111111111112,22.048611111111114
