word,length,velocity_x,velocity_y
либо,0.38999999999998636,13.28125,10.416666666666668
