word,length,velocity_x,velocity_y
либо,0.2699999999999818,22.395833333333336,19.270833333333336
