word,length,velocity_x,velocity_y
основан,0.5400000000000773,10.416666666666668,10.763888888888888
