word,length,velocity_x,velocity_y
были,0.2699999999999818,25.833333333333336,30.416666666666664
