word,length,velocity_x,velocity_y
очень,0.3300000000000125,17.857142857142858,19.642857142857142
