word,length,velocity_x,velocity_y
очень,0.30000000000001137,30.416666666666664,34.583333333333336
