word,length,velocity_x,velocity_y
очень,0.2985350000000153,32.49999999999999,36.666666666666664
