word,length,velocity_x,velocity_y
очень,0.2699999999999818,17.708333333333336,37.5
