word,length,velocity_x,velocity_y
очень,0.30000000000001137,9.722222222222223,10.069444444444446
