word,length,velocity_x,velocity_y
очень,0.3300000000000054,27.38095238095238,37.20238095238095
