word,length,velocity_x,velocity_y
очень,0.251096000000004,11.666666666666666,17.5
