word,length,velocity_x,velocity_y
очень,0.29999999999998295,27.083333333333332,75.34722222222223
