word,length,velocity_x,velocity_y
очень,0.30000000000001137,16.319444444444443,39.93055555555555
