word,length,velocity_x,velocity_y
службы,0.4800000000000182,10.208333333333334,17.291666666666668
