word,length,velocity_x,velocity_y
сорок,0.44737800000007155,8.541666666666668,17.5
