word,length,velocity_x,velocity_y
играх,0.2999999999999545,9.583333333333334,13.750000000000002
