word,length,velocity_x,velocity_y
смысл,0.38999999999987267,9.375,10.937499999999998
