word,length,velocity_x,velocity_y
часа,0.32999999999992724,6.25,35.76388888888889
