word,length,velocity_x,velocity_y
разрабатывающих,0.8999999999999915,7.5,19.895833333333332
