word,length,velocity_x,velocity_y
сочинять,0.4500000000000455,14.814814814814813,46.99074074074075
