word,length,velocity_x,velocity_y
также,0.3299999999999983,12.847222222222223,12.847222222222223
