word,length,velocity_x,velocity_y
также,0.3300000000000409,7.638888888888888,12.152777777777779
