word,length,velocity_x,velocity_y
скале,0.3891609999999446,9.375000000000002,12.760416666666668
