word,length,velocity_x,velocity_y
плаву,0.47657200000003286,6.041666666666666,8.541666666666666
