word,length,velocity_x,velocity_y
сайта,0.4199999999999591,34.953703703703695,20.13888888888889
