word,length,velocity_x,velocity_y
сайта,0.4199999999999591,11.342592592592595,12.037037037037036
