word,length,velocity_x,velocity_y
его,0.6599999999999966,8.18452380952381,8.482142857142858
