word,length,velocity_x,velocity_y
его,0.14999999999997726,36.45833333333333,21.875
