word,length,velocity_x,velocity_y
его,0.20999999999997954,12.499999999999998,11.805555555555554
