word,length,velocity_x,velocity_y
его,0.27000000000003865,20.0,9.166666666666666
