word,length,velocity_x,velocity_y
его,0.17999999999994998,13.541666666666666,48.958333333333336
