word,length,velocity_x,velocity_y
его,0.19470699999999397,34.375,30.208333333333332
