word,length,velocity_x,velocity_y
порах,0.36000000000012733,8.630952380952381,10.119047619047619
