word,length,velocity_x,velocity_y
анонимных,0.5404099999999517,6.0763888888888875,12.847222222222221
