word,length,velocity_x,velocity_y
получится,0.57000000000005,13.194444444444445,20.659722222222218
