word,length,velocity_x,velocity_y
даём,0.27000000000003865,6.770833333333333,20.833333333333336
