word,length,velocity_x,velocity_y
вопросов,0.4499999999999993,10.185185185185187,9.722222222222221
