word,length,velocity_x,velocity_y
из-за,0.17999999999994998,48.958333333333336,61.458333333333336
