word,length,velocity_x,velocity_y
из-за,0.2699999999999818,7.916666666666666,17.5
