word,length,velocity_x,velocity_y
причём,0.36000000000001364,8.333333333333334,13.392857142857142
