word,length,velocity_x,velocity_y
поверхности,0.57000000000005,10.243055555555557,8.680555555555557
