word,length,velocity_x,velocity_y
новом,0.3255470000000287,13.095238095238097,14.880952380952378
