word,length,velocity_x,velocity_y
живых,0.38999999999998636,8.59375,12.499999999999998
