word,length,velocity_x,velocity_y
ренессанса,0.4658640000000105,8.796296296296296,21.064814814814817
