word,length,velocity_x,velocity_y
шесть,0.38999999999998636,8.630952380952381,16.36904761904762
