word,length,velocity_x,velocity_y
продолжим,0.5699999999999985,7.465277777777778,19.96527777777778
