word,length,velocity_x,velocity_y
взломали,0.5140719999999988,12.12121212121212,26.893939393939398
