word,length,velocity_x,velocity_y
взломали,0.44999999999998863,17.083333333333332,15.0
