word,length,velocity_x,velocity_y
умеет,0.4199999999998454,20.13888888888889,20.833333333333336
