word,length,velocity_x,velocity_y
умеет,0.35999999999989996,15.476190476190474,17.857142857142858
