word,length,velocity_x,velocity_y
началась,0.6000000000000227,12.01923076923077,25.320512820512825
