word,length,velocity_x,velocity_y
вопросы,0.4200000000000017,58.33333333333333,75.69444444444443
