word,length,velocity_x,velocity_y
сравнению,0.44999999999998863,38.125,26.45833333333334
