word,length,velocity_x,velocity_y
официальном,0.45000000000001705,10.0,23.125000000000004
