word,length,velocity_x,velocity_y
историю,0.38531299999999646,14.583333333333332,11.197916666666668
