word,length,velocity_x,velocity_y
историю,0.4800000000000182,5.624999999999999,12.708333333333336
