word,length,velocity_x,velocity_y
наработки,0.4199999999999591,11.71875,16.145833333333336
