word,length,velocity_x,velocity_y
властей,0.4199999999999591,9.375000000000002,12.239583333333334
