word,length,velocity_x,velocity_y
минске,0.5699999999999363,8.333333333333332,9.722222222222223
