word,length,velocity_x,velocity_y
комментировать,0.5478590000000167,17.045454545454543,16.09848484848485
