word,length,velocity_x,velocity_y
писать,0.38999999999998636,4.166666666666667,14.880952380952378
