word,length,velocity_x,velocity_y
писать,0.27000000000001023,18.333333333333332,10.416666666666666
