word,length,velocity_x,velocity_y
писать,0.3599999999999568,39.583333333333336,18.75
