word,length,velocity_x,velocity_y
приходилось,0.6900000000000546,8.888888888888888,21.666666666666668
