word,length,velocity_x,velocity_y
который,0.39000000000010004,19.94047619047619,23.809523809523807
