word,length,velocity_x,velocity_y
происхождения,0.9000000000000057,14.880952380952381,37.00396825396825
