word,length,velocity_x,velocity_y
закончить,0.5700000000001637,7.465277777777778,21.527777777777775
