word,length,velocity_x,velocity_y
бумажных,0.5099999999999909,8.712121212121213,9.46969696969697
