word,length,velocity_x,velocity_y
отличие,0.3299999999999983,23.263888888888893,14.930555555555555
