word,length,velocity_x,velocity_y
отличие,0.3000000000000682,10.416666666666666,28.749999999999996
