word,length,velocity_x,velocity_y
них,0.18000000000000682,38.19444444444444,34.027777777777786
