word,length,velocity_x,velocity_y
них,0.12000000000011823,16.666666666666664,20.833333333333336
