word,length,velocity_x,velocity_y
них,0.21000000000003638,9.722222222222223,20.833333333333336
