word,length,velocity_x,velocity_y
них,0.2099999999999227,6.944444444444444,22.916666666666664
