word,length,velocity_x,velocity_y
них,0.18000000000000682,15.277777777777777,34.02777777777777
