word,length,velocity_x,velocity_y
них,0.14999999999997726,104.16666666666667,39.58333333333333
