word,length,velocity_x,velocity_y
пор,0.2699999999999818,11.25,13.749999999999998
