word,length,velocity_x,velocity_y
вдруг,0.2400000000000091,8.854166666666668,11.458333333333332
