word,length,velocity_x,velocity_y
управлять,0.38999999999998636,7.8125,20.052083333333332
