word,length,velocity_x,velocity_y
стольких,0.5099999999999909,7.575757575757576,5.303030303030303
