word,length,velocity_x,velocity_y
пора,0.2699999999999818,7.916666666666668,15.416666666666668
