word,length,velocity_x,velocity_y
пора,0.2099999999999227,45.83333333333333,22.916666666666664
