word,length,velocity_x,velocity_y
хотел,0.2699999999999818,14.999999999999996,16.25
