word,length,velocity_x,velocity_y
хотел,0.3000000000001819,8.333333333333332,12.5
