word,length,velocity_x,velocity_y
решением,0.5699999999999932,11.458333333333336,27.430555555555557
