word,length,velocity_x,velocity_y
ограничения,0.6900000000000546,11.067708333333334,8.333333333333332
