word,length,velocity_x,velocity_y
зоопарке,0.5699999999999363,34.89583333333333,19.791666666666664
