word,length,velocity_x,velocity_y
человеческого,0.8999999999999773,8.229166666666668,14.270833333333336
