word,length,velocity_x,velocity_y
триста,0.57000000000005,6.944444444444444,9.722222222222223
