word,length,velocity_x,velocity_y
приёмник,0.6599999999999682,6.547619047619048,9.374999999999998
