word,length,velocity_x,velocity_y
волн,0.599999999999909,21.474358974358974,10.256410256410255
