word,length,velocity_x,velocity_y
программистов,0.5700000000000003,23.78472222222222,37.326388888888886
