word,length,velocity_x,velocity_y
рынке,0.36000000000001364,85.11904761904762,34.226190476190474
