word,length,velocity_x,velocity_y
рынке,0.38999999999998636,8.333333333333336,11.011904761904761
