word,length,velocity_x,velocity_y
рынке,0.4200000000000159,9.953703703703704,12.499999999999996
