word,length,velocity_x,velocity_y
рынке,0.2699999999999818,17.5,12.916666666666668
