word,length,velocity_x,velocity_y
эти,0.35999999999999943,25.595238095238095,96.42857142857142
