word,length,velocity_x,velocity_y
эти,0.1799999999998363,10.416666666666668,8.333333333333334
