word,length,velocity_x,velocity_y
эти,0.2699999999999818,20.833333333333336,12.5
