word,length,velocity_x,velocity_y
эти,0.2400000000000091,6.770833333333333,8.854166666666666
