word,length,velocity_x,velocity_y
эти,0.20999999999997954,9.027777777777779,13.888888888888888
