word,length,velocity_x,velocity_y
эти,0.2099999999999227,9.027777777777777,18.75
