word,length,velocity_x,velocity_y
отчёт,0.46322399999996833,12.083333333333332,36.66666666666667
