word,length,velocity_x,velocity_y
работала,0.480000000000004,4.166666666666667,14.583333333333334
