word,length,velocity_x,velocity_y
благодаря,0.5099999999999909,14.583333333333332,29.35606060606061
