word,length,velocity_x,velocity_y
благодаря,0.4500000000000455,6.018518518518518,8.101851851851853
