word,length,velocity_x,velocity_y
благодаря,0.4800000000000182,8.124999999999998,15.416666666666668
