word,length,velocity_x,velocity_y
твиттер,0.4500000000000455,11.666666666666666,17.5
