word,length,velocity_x,velocity_y
твиттер,0.4200000000000159,13.657407407407407,10.185185185185187
