word,length,velocity_x,velocity_y
твиттер,0.4200000000000159,18.055555555555554,25.0
