word,length,velocity_x,velocity_y
твиттер,0.4800000000000182,44.58333333333333,16.666666666666668
