word,length,velocity_x,velocity_y
твиттер,0.5400000000000205,10.590277777777777,18.576388888888886
