word,length,velocity_x,velocity_y
твиттер,0.30000000000001137,33.75,10.833333333333336
