word,length,velocity_x,velocity_y
твиттер,0.2699999999999818,28.125,13.541666666666668
