word,length,velocity_x,velocity_y
него,0.30000000000001137,23.333333333333332,13.750000000000002
