word,length,velocity_x,velocity_y
беспроводной,0.6599999999999966,6.666666666666667,11.527777777777779
