word,length,velocity_x,velocity_y
правильно,0.5399999999999636,9.722222222222223,19.09722222222222
