word,length,velocity_x,velocity_y
стал,0.2699999999999818,4.166666666666666,11.458333333333332
