word,length,velocity_x,velocity_y
стал,0.2699999999999818,6.770833333333333,11.979166666666668
