word,length,velocity_x,velocity_y
жилого,0.4500000000000455,10.185185185185183,11.805555555555555
