word,length,velocity_x,velocity_y
подборочка,0.7200000000000273,8.072916666666668,15.104166666666668
