word,length,velocity_x,velocity_y
выбрать,0.3552399999999807,30.059523809523807,24.999999999999996
