word,length,velocity_x,velocity_y
приходите,0.36000000000001364,11.904761904761905,14.583333333333332
