word,length,velocity_x,velocity_y
восемьдесят,0.5399999999999636,6.62878787878788,20.265151515151516
