word,length,velocity_x,velocity_y
восемьдесят,0.42000000000007276,23.437499999999996,36.71875000000001
