word,length,velocity_x,velocity_y
восемьдесят,0.5699999999999363,3.125,12.847222222222221
