word,length,velocity_x,velocity_y
кризис,0.5099999999999909,11.25,16.458333333333332
