word,length,velocity_x,velocity_y
индустриальная,0.7078420000000278,12.499999999999998,14.192708333333334
