word,length,velocity_x,velocity_y
сергей,0.30000000000000027,7.5,29.583333333333332
