word,length,velocity_x,velocity_y
было,0.21000000000003638,9.722222222222223,3.472222222222222
