word,length,velocity_x,velocity_y
было,0.21000000000003638,56.77083333333333,16.145833333333336
