word,length,velocity_x,velocity_y
было,0.27000000000001023,8.333333333333334,9.583333333333334
