word,length,velocity_x,velocity_y
было,0.2400000000000091,16.666666666666664,22.395833333333336
