word,length,velocity_x,velocity_y
было,0.2400000000000091,6.249999999999999,11.458333333333334
