word,length,velocity_x,velocity_y
было,0.1799999999999784,40.625,7.291666666666666
