word,length,velocity_x,velocity_y
интеллекта,0.6000000000000227,10.416666666666668,14.743589743589741
