word,length,velocity_x,velocity_y
торфа,0.3299999999999983,7.291666666666667,7.291666666666667
