word,length,velocity_x,velocity_y
поднял,0.5999999999999659,51.602564102564095,22.435897435897434
