word,length,velocity_x,velocity_y
скрипты,0.4027150000000006,15.624999999999996,9.375
