word,length,velocity_x,velocity_y
другое,0.42445300000002817,29.6875,17.447916666666668
