word,length,velocity_x,velocity_y
концентрация,0.75,46.44607843137255,60.29411764705882
