word,length,velocity_x,velocity_y
вузы,0.34514599999999973,7.738095238095237,9.226190476190476
