word,length,velocity_x,velocity_y
построить,0.4800000000000182,9.583333333333336,16.875
