word,length,velocity_x,velocity_y
пересечённой,0.7199999999999989,31.119791666666668,26.302083333333336
