word,length,velocity_x,velocity_y
скандалов,0.9599999999999795,17.708333333333336,34.94318181818183
