word,length,velocity_x,velocity_y
улучшению,0.5399999999999636,6.597222222222221,15.625
