word,length,velocity_x,velocity_y
добавили,0.539999999999992,12.32638888888889,40.27777777777777
