word,length,velocity_x,velocity_y
восточной,0.4500000000000455,6.944444444444445,14.120370370370368
