word,length,velocity_x,velocity_y
удовлетворить,0.6000000000000227,10.096153846153845,10.897435897435896
