word,length,velocity_x,velocity_y
или,0.12000000000000455,75.0,33.33333333333333
