word,length,velocity_x,velocity_y
или,0.27000000000001023,25.41666666666667,19.583333333333332
