word,length,velocity_x,velocity_y
или,0.12000000000000455,0.0,16.666666666666664
