word,length,velocity_x,velocity_y
или,0.14999999999997726,17.708333333333336,15.625
