word,length,velocity_x,velocity_y
или,0.21000000000003638,15.972222222222221,24.305555555555554
