word,length,velocity_x,velocity_y
или,0.2699999999999818,10.833333333333332,12.083333333333332
