word,length,velocity_x,velocity_y
или,0.14267600000005132,37.5,20.833333333333336
