word,length,velocity_x,velocity_y
или,0.18000000000000682,8.333333333333332,15.277777777777779
