word,length,velocity_x,velocity_y
или,0.23999999999995225,80.20833333333334,7.8125
