word,length,velocity_x,velocity_y
или,0.17999999999994998,14.583333333333332,26.041666666666668
