word,length,velocity_x,velocity_y
какая-то,0.4199999999999875,9.114583333333332,14.322916666666666
