word,length,velocity_x,velocity_y
какая-то,0.4200000000000159,14.583333333333332,22.135416666666664
