word,length,velocity_x,velocity_y
какая-то,0.3299999999999841,25.347222222222225,15.625
