word,length,velocity_x,velocity_y
считать,0.6599999999999682,8.61111111111111,8.055555555555554
