word,length,velocity_x,velocity_y
взломом,0.44999999999998863,16.898148148148152,19.675925925925927
