word,length,velocity_x,velocity_y
даёт,0.3299999999999841,9.722222222222223,9.722222222222221
