word,length,velocity_x,velocity_y
успешно,0.4199999999999875,15.104166666666666,11.979166666666668
