word,length,velocity_x,velocity_y
атаку,0.4199999999999875,20.833333333333336,23.177083333333336
