word,length,velocity_x,velocity_y
серьёзная,0.5699999999999932,7.638888888888888,8.333333333333332
