word,length,velocity_x,velocity_y
обыграл,0.35999999999989996,35.11904761904761,20.83333333333333
