word,length,velocity_x,velocity_y
основные,0.4200000000000159,26.38888888888889,17.59259259259259
