word,length,velocity_x,velocity_y
чехии,0.5026759999999513,18.75,27.46212121212121
