word,length,velocity_x,velocity_y
гораздо,0.36000000000001364,63.98809523809524,36.30952380952381
