word,length,velocity_x,velocity_y
гораздо,0.5272850000000062,28.40909090909091,46.21212121212122
