word,length,velocity_x,velocity_y
гораздо,0.3299999999999841,11.904761904761903,19.940476190476193
