word,length,velocity_x,velocity_y
гораздо,0.4200000000000159,11.574074074074073,33.333333333333336
