word,length,velocity_x,velocity_y
гораздо,0.39000000000010004,17.708333333333336,27.083333333333336
