word,length,velocity_x,velocity_y
думаю,0.2699999999999996,13.750000000000002,33.75
