word,length,velocity_x,velocity_y
думаю,0.4799999999999969,21.458333333333336,58.12500000000001
