word,length,velocity_x,velocity_y
думаю,0.3299999999999983,10.069444444444443,13.888888888888888
