word,length,velocity_x,velocity_y
голова,0.3300000000000409,7.638888888888888,13.88888888888889
