word,length,velocity_x,velocity_y
неприятно,0.5464449999999488,20.83333333333333,14.236111111111107
