word,length,velocity_x,velocity_y
двух,0.2699999999999818,17.083333333333332,12.916666666666664
