word,length,velocity_x,velocity_y
двух,0.3455930000000009,15.476190476190474,18.75
