word,length,velocity_x,velocity_y
точнее,0.5099999999999909,11.875,22.708333333333336
