word,length,velocity_x,velocity_y
ним,0.1499999999999999,12.5,55.20833333333333
