word,length,velocity_x,velocity_y
рекордный,0.7200000000000273,7.682291666666664,25.651041666666668
