word,length,velocity_x,velocity_y
набрала,0.4199999999999591,22.656249999999996,91.40624999999999
