word,length,velocity_x,velocity_y
набрала,0.3882419999999911,19.791666666666664,35.15625
