word,length,velocity_x,velocity_y
технологии,0.5999999999999943,23.878205128205128,16.50641025641026
