word,length,velocity_x,velocity_y
связь,0.36000000000001364,8.035714285714288,14.583333333333332
