word,length,velocity_x,velocity_y
своё,0.28907999999999845,5.416666666666666,30.83333333333333
