word,length,velocity_x,velocity_y
твиттером,0.3599999999999568,32.14285714285713,31.25
