word,length,velocity_x,velocity_y
про,0.4800000000000182,6.458333333333334,7.291666666666666
