word,length,velocity_x,velocity_y
про,0.21000000000000085,11.805555555555557,27.083333333333332
