word,length,velocity_x,velocity_y
про,0.17999999999999972,67.70833333333333,29.166666666666664
