word,length,velocity_x,velocity_y
про,0.14604500000001508,9.375,30.208333333333336
