word,length,velocity_x,velocity_y
живее,0.3300000000000409,16.319444444444446,13.194444444444445
