word,length,velocity_x,velocity_y
делается,0.45241699999999696,18.98148148148148,36.80555555555556
