word,length,velocity_x,velocity_y
представила,0.6000000000000014,10.416666666666666,24.519230769230766
