word,length,velocity_x,velocity_y
записаться,0.6299999999999955,44.19642857142857,15.32738095238095
