word,length,velocity_x,velocity_y
записаться,0.5100000000000193,38.82575757575758,27.840909090909093
