word,length,velocity_x,velocity_y
ни,0.18000000000000682,20.833333333333336,55.55555555555555
