word,length,velocity_x,velocity_y
провала,0.4199999999999591,6.510416666666667,14.583333333333334
