word,length,velocity_x,velocity_y
могу,0.2099999999999227,22.22222222222222,19.444444444444446
