word,length,velocity_x,velocity_y
могу,0.2099999999999227,16.666666666666668,9.375
