word,length,velocity_x,velocity_y
приложений,0.7799999999999727,6.712962962962962,7.407407407407408
