word,length,velocity_x,velocity_y
разработчик,0.6623000000000019,11.38888888888889,15.694444444444445
