word,length,velocity_x,velocity_y
разработчик,0.5999999999999943,35.8974358974359,25.320512820512818
