word,length,velocity_x,velocity_y
языка,0.3777759999999972,21.354166666666668,8.854166666666668
