word,length,velocity_x,velocity_y
языка,0.3000000000000682,8.333333333333332,13.541666666666668
