word,length,velocity_x,velocity_y
языка,0.4199999999999591,13.541666666666666,9.114583333333334
