word,length,velocity_x,velocity_y
приёме,0.38999999999998636,7.8125,11.979166666666668
