word,length,velocity_x,velocity_y
политиков,0.4800000000000182,8.958333333333332,13.125
