word,length,velocity_x,velocity_y
обеспечивались,0.9900000000000091,24.456521739130434,38.13405797101449
