word,length,velocity_x,velocity_y
демократическое,0.7799999999999727,7.352941176470589,20.71078431372549
