word,length,velocity_x,velocity_y
интересное,0.5999999999999943,6.730769230769231,9.775641025641026
