word,length,velocity_x,velocity_y
наталкивает,0.5999999999999943,13.141025641025642,11.698717948717949
