word,length,velocity_x,velocity_y
угля,0.4529300000000376,8.125,18.125000000000004
