word,length,velocity_x,velocity_y
украинского,0.6000000000000227,9.775641025641026,11.378205128205126
