word,length,velocity_x,velocity_y
злоумышленники,0.8700000000000045,15.57017543859649,35.08771929824562
