word,length,velocity_x,velocity_y
бы,0.12000000000000455,20.833333333333336,14.583333333333334
