word,length,velocity_x,velocity_y
бы,0.12000000000000455,2.083333333333333,0.0
