word,length,velocity_x,velocity_y
бы,0.1500000000000341,45.833333333333336,19.791666666666664
