word,length,velocity_x,velocity_y
бы,0.1500000000000341,4.166666666666666,11.458333333333334
