word,length,velocity_x,velocity_y
профессиональных,0.8999999999999773,4.464285714285714,20.734126984126984
