word,length,velocity_x,velocity_y
побери,0.3300000000000409,39.23611111111111,20.138888888888886
