word,length,velocity_x,velocity_y
вдоха,0.4500000000000455,7.916666666666668,17.5
