word,length,velocity_x,velocity_y
очередная,0.5700000000000074,7.291666666666667,10.243055555555554
