word,length,velocity_x,velocity_y
сейчас,0.36000000000001364,12.79761904761905,31.25
