word,length,velocity_x,velocity_y
сейчас,0.4500000000000455,35.41666666666667,9.722222222222221
