word,length,velocity_x,velocity_y
сейчас,0.2400000000000091,18.229166666666664,15.624999999999996
