word,length,velocity_x,velocity_y
сейчас,0.36000000000001364,15.47619047619048,19.94047619047619
