word,length,velocity_x,velocity_y
сейчас,0.3936040000000389,11.979166666666666,9.635416666666668
