word,length,velocity_x,velocity_y
сейчас,0.5399999999999636,10.243055555555554,25.17361111111111
