word,length,velocity_x,velocity_y
сейчас,0.42000000000007276,9.895833333333332,13.020833333333334
