word,length,velocity_x,velocity_y
лучше,0.36000000000001364,14.583333333333334,31.8452380952381
