word,length,velocity_x,velocity_y
лучше,0.2699999999999818,33.75,36.24999999999999
