word,length,velocity_x,velocity_y
всего,0.240000000000002,16.145833333333336,15.625
