word,length,velocity_x,velocity_y
всего,0.29999999999998295,41.25,26.666666666666668
