word,length,velocity_x,velocity_y
всего,0.23999999999995225,21.354166666666664,60.9375
