word,length,velocity_x,velocity_y
всего,0.2699999999999818,14.583333333333332,17.708333333333332
