word,length,velocity_x,velocity_y
всего,0.2699999999999818,10.9375,27.083333333333332
