word,length,velocity_x,velocity_y
всего,0.2856009999999287,7.916666666666668,16.666666666666664
