word,length,velocity_x,velocity_y
всего,0.2699999999999818,17.708333333333332,20.833333333333336
