word,length,velocity_x,velocity_y
всего,0.21000000000003638,6.25,29.86111111111111
