word,length,velocity_x,velocity_y
всего,0.4200000000000159,10.416666666666666,34.895833333333336
