word,length,velocity_x,velocity_y
всего,0.21000000000000796,9.375,13.020833333333332
