word,length,velocity_x,velocity_y
иначе,0.47999999999996135,6.666666666666668,7.083333333333333
