word,length,velocity_x,velocity_y
позиции,0.5099999999999909,5.833333333333333,8.541666666666666
