word,length,velocity_x,velocity_y
что,0.21000000000000796,16.666666666666664,27.77777777777778
