word,length,velocity_x,velocity_y
что,0.21000000000000796,13.888888888888888,14.583333333333334
