word,length,velocity_x,velocity_y
что,0.14999999999997726,16.666666666666664,9.375
