word,length,velocity_x,velocity_y
что,0.2099999999999227,11.458333333333332,39.0625
