word,length,velocity_x,velocity_y
что,0.17999999999994998,54.166666666666664,26.388888888888886
