word,length,velocity_x,velocity_y
что,0.38999999999998636,7.552083333333333,10.9375
