word,length,velocity_x,velocity_y
что,0.18000000000006366,44.79166666666667,14.583333333333334
