word,length,velocity_x,velocity_y
что,0.18555700000001707,25.694444444444446,12.5
