word,length,velocity_x,velocity_y
что,0.2699999999999818,16.249999999999996,33.75
