word,length,velocity_x,velocity_y
что,0.14999999999997726,6.25,22.916666666666664
