word,length,velocity_x,velocity_y
что,0.2400000000000091,18.75,46.354166666666664
