word,length,velocity_x,velocity_y
что,0.17020800000000236,32.29166666666667,65.625
