word,length,velocity_x,velocity_y
что,0.18000000000006366,26.041666666666668,17.708333333333336
