word,length,velocity_x,velocity_y
что,0.21000000000003638,10.9375,22.916666666666668
