word,length,velocity_x,velocity_y
что,0.2700000000000955,24.16666666666667,27.083333333333336
