word,length,velocity_x,velocity_y
что,0.15000000000009095,65.625,36.45833333333333
