word,length,velocity_x,velocity_y
что,0.4199999999999591,7.407407407407408,6.944444444444445
