word,length,velocity_x,velocity_y
что,0.14999999999997726,56.25,10.416666666666666
