word,length,velocity_x,velocity_y
что,0.12000000000011823,6.25,4.166666666666666
