word,length,velocity_x,velocity_y
что,0.14999999999986358,11.458333333333334,16.666666666666668
