word,length,velocity_x,velocity_y
что,0.2519529999999577,7.8125,11.979166666666666
