word,length,velocity_x,velocity_y
что,0.35999999999989996,9.226190476190476,36.904761904761905
