word,length,velocity_x,velocity_y
что,0.15000000000009095,12.5,51.041666666666664
