word,length,velocity_x,velocity_y
что,0.2699999999999818,30.208333333333336,13.020833333333332
