word,length,velocity_x,velocity_y
что,0.18000000000006366,22.916666666666664,14.583333333333334
