word,length,velocity_x,velocity_y
что,0.18000000000006366,29.86111111111111,15.277777777777777
