word,length,velocity_x,velocity_y
что,0.387128999999959,23.214285714285715,28.273809523809522
