word,length,velocity_x,velocity_y
что,0.3300000000001546,29.51388888888889,22.916666666666664
