word,length,velocity_x,velocity_y
что,0.7299829999999474,36.97916666666666,26.171874999999993
