word,length,velocity_x,velocity_y
что,0.18000000000000682,20.833333333333336,11.805555555555554
