word,length,velocity_x,velocity_y
что,0.599999999999909,11.858974358974361,17.1474358974359
