word,length,velocity_x,velocity_y
что,0.21000000000003638,9.895833333333332,13.541666666666668
