word,length,velocity_x,velocity_y
что,0.21000000000003638,39.58333333333333,41.145833333333336
