word,length,velocity_x,velocity_y
что,0.23999999999999488,7.8125,11.458333333333334
