word,length,velocity_x,velocity_y
что,0.21000000000000796,7.638888888888888,41.66666666666667
