word,length,velocity_x,velocity_y
что,0.15000000000000568,4.166666666666666,0.0
