word,length,velocity_x,velocity_y
что,0.21000000000000796,7.638888888888888,10.416666666666668
