word,length,velocity_x,velocity_y
что,0.18000000000000682,4.166666666666666,12.5
