word,length,velocity_x,velocity_y
что,0.18000000000000682,9.027777777777777,23.611111111111107
