word,length,velocity_x,velocity_y
что,0.20302699999999163,15.277777777777777,9.722222222222221
