word,length,velocity_x,velocity_y
что,0.12000000000000455,14.583333333333334,4.166666666666666
