word,length,velocity_x,velocity_y
что,0.21000000000003638,4.166666666666666,18.055555555555557
