word,length,velocity_x,velocity_y
что,0.18000000000000682,15.625,16.666666666666668
