word,length,velocity_x,velocity_y
что,0.2400000000000091,84.375,36.97916666666667
