word,length,velocity_x,velocity_y
что,0.30000000000001137,11.666666666666666,10.0
