word,length,velocity_x,velocity_y
что,0.2999999999999545,14.583333333333332,7.916666666666668
