word,length,velocity_x,velocity_y
что,0.2099999999999227,10.416666666666668,13.88888888888889
