word,length,velocity_x,velocity_y
что,0.17999999999994998,45.83333333333333,13.541666666666668
