word,length,velocity_x,velocity_y
что,0.14999999999997726,7.291666666666666,12.5
