word,length,velocity_x,velocity_y
что,0.2099999999999227,7.638888888888888,12.5
