word,length,velocity_x,velocity_y
что,0.27000000000003865,18.75,28.333333333333332
