word,length,velocity_x,velocity_y
что,0.21000000000000085,13.88888888888889,29.86111111111111
