word,length,velocity_x,velocity_y
что,0.23999999999999844,13.020833333333334,52.083333333333336
