word,length,velocity_x,velocity_y
что,0.17999999999999972,35.416666666666664,33.33333333333333
