word,length,velocity_x,velocity_y
что,0.15000000000000568,8.333333333333332,22.916666666666664
