word,length,velocity_x,velocity_y
что,0.1510990000000021,17.708333333333332,35.416666666666664
