word,length,velocity_x,velocity_y
что,0.14999999999999147,26.041666666666668,17.708333333333332
