word,length,velocity_x,velocity_y
что,0.38999999999998636,17.1875,23.697916666666664
