word,length,velocity_x,velocity_y
что,0.15000000000000568,7.291666666666666,9.375
