word,length,velocity_x,velocity_y
что,0.21000000000003638,11.979166666666666,17.1875
