word,length,velocity_x,velocity_y
что,0.1500000000000341,61.458333333333336,39.58333333333333
