word,length,velocity_x,velocity_y
что,0.14999999999997726,8.333333333333334,13.541666666666666
