word,length,velocity_x,velocity_y
что,0.20999999999997954,10.416666666666668,10.9375
