word,length,velocity_x,velocity_y
что,0.3300000000000409,30.902777777777775,29.86111111111111
