word,length,velocity_x,velocity_y
что,0.2355760000000373,6.25,6.770833333333333
