word,length,velocity_x,velocity_y
что,0.12000000000000455,4.166666666666666,8.333333333333332
