word,length,velocity_x,velocity_y
что,0.12000000000000455,12.5,10.416666666666668
