word,length,velocity_x,velocity_y
что,0.09000000000003183,27.083333333333332,8.333333333333332
