word,length,velocity_x,velocity_y
что,0.17999999999994998,9.027777777777777,12.499999999999998
