word,length,velocity_x,velocity_y
что,0.21000000000003638,18.75,14.583333333333334
