word,length,velocity_x,velocity_y
что,0.2125780000000077,18.055555555555554,25.694444444444443
