word,length,velocity_x,velocity_y
что,0.17999999999994998,8.333333333333332,29.86111111111111
