word,length,velocity_x,velocity_y
что,0.4800000000000182,4.166666666666667,6.666666666666668
