word,length,velocity_x,velocity_y
что,0.36000000000001364,6.547619047619048,8.035714285714286
