word,length,velocity_x,velocity_y
королевы,0.5099999999999909,6.4393939393939394,18.37121212121212
