word,length,velocity_x,velocity_y
очередь,0.30000000000001137,11.805555555555557,27.083333333333332
