word,length,velocity_x,velocity_y
очередь,0.30000000000001137,28.333333333333332,12.5
