word,length,velocity_x,velocity_y
украины,0.5099999999999909,6.06060606060606,8.143939393939394
