word,length,velocity_x,velocity_y
поколения,0.6600000000000037,3.888888888888889,7.222222222222221
