word,length,velocity_x,velocity_y
разработка,0.7434080000000165,21.614583333333332,30.859375000000007
