word,length,velocity_x,velocity_y
технологию,0.599999999999909,8.653846153846153,9.294871794871792
