word,length,velocity_x,velocity_y
пришёл,0.330838999999969,11.805555555555554,11.805555555555557
