word,length,velocity_x,velocity_y
вычета,0.39000000000010004,16.927083333333332,11.197916666666668
