word,length,velocity_x,velocity_y
всегда,0.5700000000001637,12.5,38.36805555555556
