word,length,velocity_x,velocity_y
главное,0.4800000000000182,14.166666666666666,18.333333333333332
