word,length,velocity_x,velocity_y
жанрах,0.5099999999999909,14.204545454545455,15.909090909090912
