word,length,velocity_x,velocity_y
чаще,0.27000000000001023,14.583333333333332,18.229166666666668
