word,length,velocity_x,velocity_y
чаще,0.2791990000000055,21.66666666666667,45.41666666666667
