word,length,velocity_x,velocity_y
балаган,0.5699999999999363,12.152777777777777,5.034722222222221
