word,length,velocity_x,velocity_y
фбр,0.5099999999999909,15.719696969696969,21.21212121212121
