word,length,velocity_x,velocity_y
учебные,0.3239899999999807,21.875,29.166666666666668
