word,length,velocity_x,velocity_y
профессия,0.6117550000000023,9.226190476190476,20.238095238095237
