word,length,velocity_x,velocity_y
профессия,0.5699999999999932,14.756944444444445,9.895833333333332
