word,length,velocity_x,velocity_y
скорее,0.4800000000000182,9.791666666666666,17.708333333333332
