word,length,velocity_x,velocity_y
скорее,0.5399999999999636,7.291666666666667,24.999999999999996
