word,length,velocity_x,velocity_y
их,0.1549800000000232,11.458333333333332,62.5
