word,length,velocity_x,velocity_y
их,0.12000000000000455,12.5,4.166666666666666
