word,length,velocity_x,velocity_y
их,0.4199999999999591,10.879629629629632,9.953703703703704
