word,length,velocity_x,velocity_y
их,0.2699999999999818,45.833333333333336,22.395833333333336
