word,length,velocity_x,velocity_y
растущим,0.5699999999999932,9.375,14.583333333333332
