word,length,velocity_x,velocity_y
автоматического,0.9300000000000637,9.469696969696969,15.530303030303031
