word,length,velocity_x,velocity_y
совсем,0.37280299999997624,13.392857142857142,18.452380952380956
