word,length,velocity_x,velocity_y
марса,0.509999999999998,9.659090909090908,18.939393939393938
