word,length,velocity_x,velocity_y
расстоянии,0.6599999999999682,5.416666666666666,20.416666666666668
