word,length,velocity_x,velocity_y
ля-ля-ля,0.47742199999999,27.291666666666664,13.333333333333336
