word,length,velocity_x,velocity_y
любую,0.36000000000012733,12.202380952380953,9.226190476190476
