word,length,velocity_x,velocity_y
любую,0.3300000000001546,12.5,19.09722222222222
