word,length,velocity_x,velocity_y
результате,0.5100000000000193,13.636363636363635,38.25757575757576
