word,length,velocity_x,velocity_y
результате,0.45049799999998186,19.90740740740741,22.916666666666664
