word,length,velocity_x,velocity_y
результате,0.4800000000000182,15.625000000000004,25.000000000000007
