word,length,velocity_x,velocity_y
результате,0.6001169999999547,13.942307692307693,13.141025641025639
