word,length,velocity_x,velocity_y
единая,0.4199999999999591,12.239583333333334,33.07291666666667
