word,length,velocity_x,velocity_y
пятое,0.4800000000000182,8.958333333333332,18.33333333333333
