word,length,velocity_x,velocity_y
двухсот,0.8100000000000591,9.027777777777777,27.314814814814813
