word,length,velocity_x,velocity_y
какую-то,0.3599999999999852,36.9047619047619,16.964285714285715
