word,length,velocity_x,velocity_y
квартире,0.5099999999999909,8.522727272727272,8.143939393939394
