word,length,velocity_x,velocity_y
куча,0.2699999999999818,23.437500000000004,17.1875
