word,length,velocity_x,velocity_y
целом,0.44999999999998863,8.333333333333332,14.814814814814813
