word,length,velocity_x,velocity_y
переживать,0.7199999999999136,10.9375,16.536458333333336
