word,length,velocity_x,velocity_y
программное,0.5100000000000193,13.446969696969699,34.09090909090909
