word,length,velocity_x,velocity_y
ими,0.3300000000000409,8.680555555555557,13.888888888888893
