word,length,velocity_x,velocity_y
больнее,0.5399999999999636,11.458333333333332,28.29861111111111
