word,length,velocity_x,velocity_y
марта,0.480000000000004,31.041666666666668,29.166666666666664
