word,length,velocity_x,velocity_y
кровеносных,0.6299999999999955,5.952380952380952,12.648809523809524
