word,length,velocity_x,velocity_y
прошла,0.5100000000000193,39.39393939393939,18.37121212121212
