word,length,velocity_x,velocity_y
платит,0.4799999999997908,15.0,30.833333333333336
