word,length,velocity_x,velocity_y
автомашин,0.5099999999999909,11.458333333333334,14.374999999999998
