word,length,velocity_x,velocity_y
сказать,0.3599999999999852,16.666666666666668,18.154761904761905
