word,length,velocity_x,velocity_y
сказать,0.3299999999999841,7.638888888888888,14.930555555555555
