word,length,velocity_x,velocity_y
сказать,0.38999999999998636,82.44047619047619,15.178571428571427
