word,length,velocity_x,velocity_y
сказать,0.4500000000000455,20.833333333333336,18.749999999999996
