word,length,velocity_x,velocity_y
сказать,0.42000000000007276,9.635416666666668,10.416666666666668
