word,length,velocity_x,velocity_y
сказать,0.30000000000001137,7.638888888888888,19.09722222222222
