word,length,velocity_x,velocity_y
сказать,0.32299800000001255,15.972222222222221,32.29166666666667
