word,length,velocity_x,velocity_y
сказать,0.32999999999992724,24.107142857142858,16.666666666666668
