word,length,velocity_x,velocity_y
сказать,0.36000000000001364,8.035714285714286,9.226190476190476
