word,length,velocity_x,velocity_y
сказать,0.2999999999999545,5.555555555555556,14.930555555555555
