word,length,velocity_x,velocity_y
этой,0.30000000000001137,10.416666666666668,43.74999999999999
