word,length,velocity_x,velocity_y
этой,0.18000000000000682,9.722222222222223,5.555555555555556
