word,length,velocity_x,velocity_y
этой,0.30000000000000426,12.916666666666664,14.166666666666666
