word,length,velocity_x,velocity_y
этой,0.3299999999999983,5.952380952380952,10.714285714285712
