word,length,velocity_x,velocity_y
этой,0.18000000000000682,7.291666666666667,16.666666666666664
