word,length,velocity_x,velocity_y
этой,0.2999999999999545,6.666666666666665,10.0
