word,length,velocity_x,velocity_y
нельзя,0.3300000000000125,11.11111111111111,32.29166666666667
