word,length,velocity_x,velocity_y
нельзя,0.2700000000000955,41.145833333333336,56.770833333333336
