word,length,velocity_x,velocity_y
нельзя,0.28467000000000553,11.666666666666666,8.333333333333334
