word,length,velocity_x,velocity_y
из,0.12000000000000455,18.75,14.583333333333334
