word,length,velocity_x,velocity_y
из,0.14999999999997726,5.208333333333333,25.0
