word,length,velocity_x,velocity_y
из,0.36000000000001364,67.26190476190476,42.857142857142854
