word,length,velocity_x,velocity_y
из,0.14999999999999147,7.291666666666666,38.541666666666664
