word,length,velocity_x,velocity_y
из,0.20999999999997954,2.083333333333333,4.861111111111112
