word,length,velocity_x,velocity_y
из,0.17999999999994998,13.541666666666668,9.375
