word,length,velocity_x,velocity_y
из,0.12000000000000455,29.166666666666668,14.583333333333334
