word,length,velocity_x,velocity_y
из,0.12000000000011823,4.166666666666666,31.25
