word,length,velocity_x,velocity_y
счетов,0.4800000000000182,25.833333333333336,31.041666666666668
