word,length,velocity_x,velocity_y
аналитикой,0.6300000000001091,5.9523809523809526,9.970238095238095
