word,length,velocity_x,velocity_y
фермах,0.57000000000005,10.243055555555557,13.368055555555555
