word,length,velocity_x,velocity_y
надуманными,0.6900000000000546,15.885416666666666,21.614583333333336
