word,length,velocity_x,velocity_y
известно,0.5100000000000051,4.166666666666666,13.068181818181815
