word,length,velocity_x,velocity_y
выбор,0.5099999999999909,29.545454545454547,21.969696969696972
