word,length,velocity_x,velocity_y
выбор,0.6299999999999955,9.821428571428573,11.60714285714286
