word,length,velocity_x,velocity_y
выбор,0.2699999999999818,4.583333333333332,8.333333333333334
