word,length,velocity_x,velocity_y
высадился,0.5999999999999943,5.608974358974359,5.929487179487179
