word,length,velocity_x,velocity_y
ассортимента,0.8399999999999181,13.706140350877192,52.741228070175424
