word,length,velocity_x,velocity_y
одним,0.32999999999992724,8.680555555555554,12.847222222222223
