word,length,velocity_x,velocity_y
дыхания,0.5099999999999909,9.848484848484848,22.916666666666668
