word,length,velocity_x,velocity_y
потеряла,0.4800000000000182,6.25,9.791666666666668
