word,length,velocity_x,velocity_y
половиной,0.4800000000000182,6.666666666666667,11.25
