word,length,velocity_x,velocity_y
секунду,0.6299999999999955,6.41025641025641,6.41025641025641
