word,length,velocity_x,velocity_y
языком,0.5700000000000003,8.159722222222221,25.34722222222222
