word,length,velocity_x,velocity_y
языком,0.38528300000000115,11.718749999999998,15.624999999999996
