word,length,velocity_x,velocity_y
языком,0.38999999999998636,7.73809523809524,8.630952380952381
