word,length,velocity_x,velocity_y
не,0.15000000000000568,8.333333333333334,23.958333333333332
