word,length,velocity_x,velocity_y
не,0.14999999999997726,9.375,19.791666666666668
