word,length,velocity_x,velocity_y
не,0.12000000000000455,22.916666666666664,8.333333333333332
