word,length,velocity_x,velocity_y
не,0.08999999999991815,16.666666666666664,4.166666666666666
