word,length,velocity_x,velocity_y
не,0.14999999999997726,18.75,14.583333333333332
