word,length,velocity_x,velocity_y
не,0.12000000000000455,93.75,20.833333333333336
