word,length,velocity_x,velocity_y
не,0.15000000000009095,20.833333333333336,35.41666666666667
