word,length,velocity_x,velocity_y
не,0.14999999999986358,8.333333333333334,25.0
