word,length,velocity_x,velocity_y
не,0.11999999999989086,33.33333333333333,14.583333333333334
