word,length,velocity_x,velocity_y
не,0.18000000000006366,8.333333333333332,33.33333333333333
