word,length,velocity_x,velocity_y
не,0.14999999999986358,16.666666666666668,26.041666666666668
