word,length,velocity_x,velocity_y
не,0.12000000000011823,29.166666666666668,6.25
