word,length,velocity_x,velocity_y
не,0.15000000000009095,19.791666666666664,44.791666666666664
