word,length,velocity_x,velocity_y
не,0.2400000000000091,47.39583333333333,11.979166666666668
