word,length,velocity_x,velocity_y
не,0.11999999999989086,39.58333333333333,18.75
