word,length,velocity_x,velocity_y
не,0.2699999999999818,32.91666666666667,22.5
