word,length,velocity_x,velocity_y
не,0.11999999999989086,4.166666666666666,8.333333333333332
