word,length,velocity_x,velocity_y
не,0.11999999999989086,31.25,8.333333333333332
