word,length,velocity_x,velocity_y
не,0.38999999999987267,13.392857142857142,13.69047619047619
