word,length,velocity_x,velocity_y
не,0.2400000000000091,61.458333333333336,25.0
