word,length,velocity_x,velocity_y
не,0.21000000000003638,23.611111111111114,20.833333333333336
