word,length,velocity_x,velocity_y
не,0.09000000000014552,62.5,16.666666666666664
