word,length,velocity_x,velocity_y
не,0.11999999999999744,8.333333333333332,8.333333333333332
