word,length,velocity_x,velocity_y
не,0.15000000000000568,12.5,54.166666666666664
