word,length,velocity_x,velocity_y
не,0.18000000000000682,24.999999999999996,18.75
