word,length,velocity_x,velocity_y
не,0.18000000000000682,51.041666666666664,11.458333333333334
