word,length,velocity_x,velocity_y
не,0.11999999999999034,4.166666666666666,29.166666666666668
