word,length,velocity_x,velocity_y
не,0.12000000000000455,29.166666666666668,54.166666666666664
