word,length,velocity_x,velocity_y
не,0.20999999999997954,12.5,9.027777777777777
