word,length,velocity_x,velocity_y
не,0.15000000000000568,0.0,27.083333333333332
