word,length,velocity_x,velocity_y
не,0.2699999999999818,8.854166666666666,25.0
