word,length,velocity_x,velocity_y
не,0.12000000000000455,2.083333333333333,4.166666666666666
