word,length,velocity_x,velocity_y
не,0.30000000000001137,22.222222222222225,23.611111111111114
