word,length,velocity_x,velocity_y
не,0.2619730000000118,15.104166666666666,4.687499999999999
