word,length,velocity_x,velocity_y
не,0.14999999999997726,7.291666666666667,6.25
