word,length,velocity_x,velocity_y
не,0.18000000000000682,6.944444444444444,32.63888888888889
