word,length,velocity_x,velocity_y
не,0.12000000000000455,6.25,22.916666666666664
