word,length,velocity_x,velocity_y
не,0.2099999999999227,6.944444444444444,48.61111111111111
