word,length,velocity_x,velocity_y
не,0.2400000000000091,9.375000000000002,24.479166666666664
