word,length,velocity_x,velocity_y
не,0.18000000000006366,29.86111111111111,22.916666666666664
