word,length,velocity_x,velocity_y
не,0.21000000000003638,8.333333333333332,20.833333333333336
