word,length,velocity_x,velocity_y
не,0.15000000000000568,10.416666666666666,15.625
