word,length,velocity_x,velocity_y
не,0.30000000000001137,12.152777777777779,32.63888888888889
