word,length,velocity_x,velocity_y
не,0.4500000000000455,17.916666666666668,41.04166666666667
