word,length,velocity_x,velocity_y
не,0.18000000000000682,26.38888888888889,78.47222222222223
