word,length,velocity_x,velocity_y
не,0.09000000000000341,31.25,14.583333333333334
