word,length,velocity_x,velocity_y
не,0.14768600000002152,62.5,10.416666666666668
