word,length,velocity_x,velocity_y
не,0.14999999999997726,17.708333333333336,18.75
