word,length,velocity_x,velocity_y
не,0.3599999999999568,22.321428571428577,8.035714285714286
