word,length,velocity_x,velocity_y
не,0.3599999999999568,6.845238095238096,12.79761904761905
