word,length,velocity_x,velocity_y
не,0.15685500000006414,6.25,4.166666666666666
