word,length,velocity_x,velocity_y
не,0.12000000000000455,8.333333333333332,10.416666666666668
