word,length,velocity_x,velocity_y
не,0.12000000000000455,8.333333333333332,14.583333333333334
