word,length,velocity_x,velocity_y
не,0.12000000000000455,16.666666666666664,31.25
