word,length,velocity_x,velocity_y
не,0.12000000000000455,6.25,29.166666666666668
