word,length,velocity_x,velocity_y
не,0.12000000000000455,12.5,41.66666666666667
