word,length,velocity_x,velocity_y
не,0.12000000000000455,2.083333333333333,10.416666666666668
