word,length,velocity_x,velocity_y
не,0.32999999999992724,34.72222222222223,19.791666666666664
