word,length,velocity_x,velocity_y
наоборот,0.35999999999999943,46.42857142857143,17.857142857142854
