word,length,velocity_x,velocity_y
четыреста,0.7200000000000273,7.291666666666667,9.895833333333332
