word,length,velocity_x,velocity_y
вашей,0.363493999999946,11.607142857142858,19.04761904761905
