word,length,velocity_x,velocity_y
лайки,0.4499999999998181,12.962962962962965,19.444444444444446
