word,length,velocity_x,velocity_y
лайки,0.5099999999999909,8.958333333333334,14.583333333333332
