word,length,velocity_x,velocity_y
никакой,0.42000000000007276,10.416666666666668,28.7037037037037
