word,length,velocity_x,velocity_y
никакой,0.36000000000012733,28.869047619047617,19.345238095238095
