word,length,velocity_x,velocity_y
любые,0.3000000000000682,18.40277777777778,13.888888888888888
