word,length,velocity_x,velocity_y
заговоров,0.4800000000000182,29.166666666666664,21.25
