word,length,velocity_x,velocity_y
громили,0.44999999999998863,8.564814814814815,12.268518518518519
