word,length,velocity_x,velocity_y
отдельных,0.4199999999999591,8.101851851851853,14.120370370370368
