word,length,velocity_x,velocity_y
заменит,0.5099999999999909,11.363636363636363,21.022727272727277
