word,length,velocity_x,velocity_y
обеспечение,0.6899999999999977,10.277777777777779,24.58333333333333
