word,length,velocity_x,velocity_y
пока,0.45000000000001705,9.953703703703704,20.60185185185185
