word,length,velocity_x,velocity_y
пока,0.36000000000001364,58.33333333333333,27.67857142857143
