word,length,velocity_x,velocity_y
пока,0.23999999999998067,8.333333333333332,16.145833333333336
