word,length,velocity_x,velocity_y
пока,0.2400000000000091,12.5,19.791666666666664
