word,length,velocity_x,velocity_y
пока,0.21000000000003638,7.8125,22.916666666666664
