word,length,velocity_x,velocity_y
зеро,0.5399999999999636,24.621212121212128,18.749999999999996
