word,length,velocity_x,velocity_y
старт,0.4200000000000159,3.2407407407407414,10.648148148148147
