word,length,velocity_x,velocity_y
изначально,0.6299999999998818,6.696428571428571,22.321428571428573
