word,length,velocity_x,velocity_y
востребованными,0.8999999999999773,8.234126984126984,20.039682539682538
