word,length,velocity_x,velocity_y
санкций,0.57000000000005,4.340277777777777,19.618055555555554
