word,length,velocity_x,velocity_y
личку,0.38999999999998636,4.947916666666666,9.635416666666666
