word,length,velocity_x,velocity_y
сайт,0.4500000000000455,10.879629629629632,9.953703703703704
