word,length,velocity_x,velocity_y
сайт,0.4799999999999045,9.583333333333332,19.791666666666668
