word,length,velocity_x,velocity_y
сайт,0.4500000000000455,12.083333333333332,16.875
