word,length,velocity_x,velocity_y
сайт,0.3300000000000125,5.902777777777779,6.597222222222221
