word,length,velocity_x,velocity_y
сайт,0.3599999999999852,63.39285714285714,12.202380952380953
