word,length,velocity_x,velocity_y
сайт,0.38999999999998636,11.71875,9.635416666666668
