word,length,velocity_x,velocity_y
каких,0.3300000000000409,8.333333333333332,9.375
