word,length,velocity_x,velocity_y
быстром,0.38999999999998636,9.375,26.822916666666668
