word,length,velocity_x,velocity_y
рад,0.2099999999999227,12.5,8.333333333333332
