word,length,velocity_x,velocity_y
современная,0.599999999999909,8.974358974358973,18.589743589743588
