word,length,velocity_x,velocity_y
избирать,0.4199999999999591,35.15625000000001,19.010416666666668
