word,length,velocity_x,velocity_y
микс,0.2699999999999996,6.25,23.958333333333332
