word,length,velocity_x,velocity_y
мировой,0.4800000000000182,4.791666666666666,10.208333333333334
