word,length,velocity_x,velocity_y
нравится,0.38999999999998636,46.875,17.447916666666664
