word,length,velocity_x,velocity_y
нравится,0.4199999999999591,8.333333333333332,32.870370370370374
