word,length,velocity_x,velocity_y
успехов,0.540000000000191,13.636363636363635,16.477272727272727
