word,length,velocity_x,velocity_y
носить,0.4500000000000455,8.125,18.333333333333332
