word,length,velocity_x,velocity_y
организовали,0.6599999999999966,10.13888888888889,13.194444444444445
