word,length,velocity_x,velocity_y
присоединились,0.8100000000000591,7.785087719298247,10.087719298245615
