word,length,velocity_x,velocity_y
любому,0.5699999999999932,7.465277777777778,24.131944444444446
