word,length,velocity_x,velocity_y
электроэнергии,0.8099999999999454,9.027777777777777,22.916666666666664
