word,length,velocity_x,velocity_y
кризиса,0.5400000000000205,11.363636363636363,12.12121212121212
