word,length,velocity_x,velocity_y
позволят,0.47999999999996135,7.708333333333334,16.041666666666668
