word,length,velocity_x,velocity_y
количество,0.6900000000000013,11.527777777777779,27.361111111111114
