word,length,velocity_x,velocity_y
количество,0.4500000000000455,12.5,7.175925925925925
