word,length,velocity_x,velocity_y
пришлось,0.6599999999999966,9.523809523809524,15.178571428571432
