word,length,velocity_x,velocity_y
форумах,0.44999999999999574,4.791666666666667,21.041666666666664
