word,length,velocity_x,velocity_y
отметку,0.4800000000000182,8.75,17.291666666666668
