word,length,velocity_x,velocity_y
какого-то,0.4800000000000182,32.5,11.666666666666666
