word,length,velocity_x,velocity_y
области,0.6000000000000227,8.814102564102564,11.217948717948717
