word,length,velocity_x,velocity_y
области,0.44999999999998863,21.990740740740737,12.731481481481483
