word,length,velocity_x,velocity_y
летучая,0.5099999999999909,6.628787878787879,12.5
