word,length,velocity_x,velocity_y
бюджета,0.540000000000191,16.145833333333336,12.500000000000004
