word,length,velocity_x,velocity_y
работы,0.5099999999999909,9.28030303030303,21.78030303030303
