word,length,velocity_x,velocity_y
конец,0.30000000000001137,9.722222222222221,14.930555555555555
