word,length,velocity_x,velocity_y
конец,0.32999999999992724,11.458333333333332,16.319444444444446
