word,length,velocity_x,velocity_y
бродят,0.8099999999999881,31.688596491228065,15.789473684210526
