word,length,velocity_x,velocity_y
цитата,0.4500000000000455,15.046296296296296,19.90740740740741
