word,length,velocity_x,velocity_y
колокольчик,0.6899999999998272,8.723958333333334,25.520833333333332
