word,length,velocity_x,velocity_y
каково,0.3599999999999852,11.904761904761905,22.61904761904762
