word,length,velocity_x,velocity_y
прямо,0.39000000000000057,5.989583333333333,15.625
