word,length,velocity_x,velocity_y
прямо,0.3300000000000409,9.722222222222223,8.333333333333332
