word,length,velocity_x,velocity_y
проектировать,0.6299999999999955,6.845238095238096,12.5
