word,length,velocity_x,velocity_y
инструменты,0.6000000000000227,10.737179487179487,14.903846153846157
