word,length,velocity_x,velocity_y
труда,0.3659179999999651,7.440476190476189,18.154761904761905
