word,length,velocity_x,velocity_y
труда,0.38999999999998636,5.208333333333334,10.937499999999998
