word,length,velocity_x,velocity_y
труда,0.3300000000000409,11.30952380952381,14.880952380952381
