word,length,velocity_x,velocity_y
восстановлению,0.6599999999999682,7.361111111111112,15.416666666666668
