word,length,velocity_x,velocity_y
учитывая,0.5099999999999909,5.833333333333333,10.208333333333334
