word,length,velocity_x,velocity_y
пользователь,0.5399999999999636,9.027777777777777,31.59722222222222
