word,length,velocity_x,velocity_y
пользователь,0.599999999999909,5.608974358974359,11.05769230769231
