word,length,velocity_x,velocity_y
пользователь,0.5699999999999363,7.465277777777778,16.84027777777778
