word,length,velocity_x,velocity_y
требованиям,0.6599999999999682,22.777777777777775,34.58333333333333
