word,length,velocity_x,velocity_y
первую,0.4200000000000017,10.416666666666668,23.697916666666664
