word,length,velocity_x,velocity_y
первую,0.2699999999999818,12.083333333333332,39.583333333333336
