word,length,velocity_x,velocity_y
моё,0.2699999999999818,60.416666666666664,38.54166666666667
