word,length,velocity_x,velocity_y
систему,0.4800000000000182,9.166666666666666,14.166666666666666
