word,length,velocity_x,velocity_y
систему,0.4500000000000455,6.018518518518518,11.11111111111111
