word,length,velocity_x,velocity_y
дорогие,0.32999999999999985,32.98611111111111,23.958333333333336
