word,length,velocity_x,velocity_y
роботов,0.5100000000000016,10.984848484848486,14.015151515151517
