word,length,velocity_x,velocity_y
друзья,0.38999999999987267,4.947916666666666,8.072916666666668
