word,length,velocity_x,velocity_y
спасти,0.47999999999996135,16.25,25.83333333333333
