word,length,velocity_x,velocity_y
выросла,0.4800000000000182,16.458333333333332,20.625000000000004
