word,length,velocity_x,velocity_y
искусственный,0.4500000000000455,13.88888888888889,13.194444444444445
