word,length,velocity_x,velocity_y
искусственный,0.5399999999999636,10.416666666666668,19.50757575757576
