word,length,velocity_x,velocity_y
искусственный,0.5099999999999909,39.20454545454545,30.871212121212118
