word,length,velocity_x,velocity_y
искусственный,0.5399999999999636,9.848484848484848,10.22727272727273
