word,length,velocity_x,velocity_y
искусственный,0.6599999999999682,8.472222222222221,12.22222222222222
