word,length,velocity_x,velocity_y
искусственный,0.6599999999999682,37.49999999999999,18.333333333333332
