word,length,velocity_x,velocity_y
искусственный,0.8399999999999181,7.675438596491229,6.469298245614037
