word,length,velocity_x,velocity_y
быстрыми,0.42000000000007276,25.260416666666668,34.895833333333336
