word,length,velocity_x,velocity_y
двадцатого,0.5400000000000773,7.386363636363637,10.037878787878789
