word,length,velocity_x,velocity_y
двадцатого,0.5399999999999636,9.201388888888888,12.67361111111111
