word,length,velocity_x,velocity_y
спокойно,0.6299999999999955,6.845238095238095,7.8869047619047645
