word,length,velocity_x,velocity_y
выпуска,0.44999999999998863,10.416666666666668,25.0
