word,length,velocity_x,velocity_y
аркадий,0.4436430000000655,9.027777777777777,10.185185185185185
