word,length,velocity_x,velocity_y
нью-йорке,0.4499999999999318,8.541666666666666,14.166666666666666
