word,length,velocity_x,velocity_y
подумайте,0.5099999999999909,16.041666666666664,34.166666666666664
