word,length,velocity_x,velocity_y
рыночную,0.4800000000000182,10.416666666666668,16.666666666666668
