word,length,velocity_x,velocity_y
такого,0.44999999999998863,33.95833333333333,17.916666666666668
