word,length,velocity_x,velocity_y
такого,0.3299999999999841,17.261904761904763,11.60714285714286
