word,length,velocity_x,velocity_y
под,0.15000000000000568,2.083333333333333,12.5
