word,length,velocity_x,velocity_y
под,0.18000000000000682,37.5,16.666666666666668
