word,length,velocity_x,velocity_y
под,0.20999999999997954,10.416666666666668,6.25
