word,length,velocity_x,velocity_y
под,0.17999999999994998,12.5,36.458333333333336
