word,length,velocity_x,velocity_y
экспортных,0.6299999999999955,9.775641025641027,9.294871794871794
