word,length,velocity_x,velocity_y
условиях,0.3599999999999568,19.345238095238095,19.345238095238095
