word,length,velocity_x,velocity_y
безусловно,0.5099999999999909,8.333333333333332,20.416666666666668
