word,length,velocity_x,velocity_y
пятьдесят,0.5699999999999932,7.051282051282051,11.37820512820513
