word,length,velocity_x,velocity_y
всю,0.3000000000000682,7.291666666666666,18.75
