word,length,velocity_x,velocity_y
зарегистрироваться,0.8099999999999454,8.333333333333334,18.287037037037035
