word,length,velocity_x,velocity_y
случае,0.32999999999992724,8.680555555555554,10.069444444444446
