word,length,velocity_x,velocity_y
могут,0.35999999999989996,4.761904761904762,22.916666666666668
