word,length,velocity_x,velocity_y
могут,0.30000000000001137,13.541666666666666,10.76388888888889
