word,length,velocity_x,velocity_y
пахнет,0.39000000000010004,25.297619047619047,6.845238095238096
