word,length,velocity_x,velocity_y
высокого,0.5099999999999909,12.878787878787879,12.5
