word,length,velocity_x,velocity_y
помогать,0.4800000000000182,18.958333333333332,32.50000000000001
