word,length,velocity_x,velocity_y
современному,0.599999999999909,11.057692307692307,14.743589743589746
