word,length,velocity_x,velocity_y
процент,0.4199999999999591,9.895833333333332,13.020833333333334
