word,length,velocity_x,velocity_y
закона,0.5699999999999932,7.118055555555556,6.770833333333333
