word,length,velocity_x,velocity_y
хорошего,0.5099999999999909,7.765151515151516,13.257575757575758
