word,length,velocity_x,velocity_y
индустрии,0.7133939999999939,15.625,31.119791666666668
