word,length,velocity_x,velocity_y
глазах,0.480000000000004,7.083333333333333,13.958333333333334
