word,length,velocity_x,velocity_y
сумме,0.5448630000000207,6.770833333333333,16.666666666666664
