word,length,velocity_x,velocity_y
втором,0.36000000000001364,6.845238095238095,15.476190476190474
