word,length,velocity_x,velocity_y
вчера,0.3000000000000682,17.5,24.583333333333336
