word,length,velocity_x,velocity_y
штат,0.32999999999992724,3.4722222222222223,7.638888888888888
