word,length,velocity_x,velocity_y
насколько,0.3900000000000148,28.125,27.604166666666664
