word,length,velocity_x,velocity_y
сервисов,0.5699999999999363,11.111111111111112,21.006944444444443
