word,length,velocity_x,velocity_y
выпускает,0.5999999999999659,12.98076923076923,11.85897435897436
