word,length,velocity_x,velocity_y
информации,0.6000000000000227,41.98717948717948,20.03205128205128
