word,length,velocity_x,velocity_y
информации,1.259999999999991,22.413793103448274,30.10057471264367
