word,length,velocity_x,velocity_y
информации,0.6503319999999917,18.45238095238095,22.470238095238095
