word,length,velocity_x,velocity_y
информации,0.6600000000000819,8.18452380952381,28.86904761904762
