word,length,velocity_x,velocity_y
давно,0.5099999999999909,8.522727272727272,28.598484848484844
