word,length,velocity_x,velocity_y
интеллект,0.2999999999999545,42.91666666666666,13.333333333333334
