word,length,velocity_x,velocity_y
интеллект,0.5099999999999909,22.53787878787879,9.469696969696969
