word,length,velocity_x,velocity_y
интеллект,0.39000000000010004,7.03125,17.708333333333332
