word,length,velocity_x,velocity_y
интеллект,0.35999999999989996,21.13095238095238,22.916666666666664
