word,length,velocity_x,velocity_y
интеллект,0.6000000000000227,76.28205128205128,80.92948717948718
