word,length,velocity_x,velocity_y
интеллект,0.6599999999999682,6.398809523809524,11.160714285714288
