word,length,velocity_x,velocity_y
имеется,0.42000000000007276,34.72222222222223,20.370370370370374
