word,length,velocity_x,velocity_y
девятнадцатого,0.6899999999999409,5.416666666666666,8.194444444444445
