word,length,velocity_x,velocity_y
зарплатах,0.6000000000000227,10.897435897435898,22.756410256410263
