word,length,velocity_x,velocity_y
зарплатах,0.5399999999999636,10.243055555555557,14.583333333333334
