word,length,velocity_x,velocity_y
вас,0.2162700000001223,9.375,29.166666666666668
