word,length,velocity_x,velocity_y
вас,0.21000000000003638,21.527777777777775,5.555555555555555
