word,length,velocity_x,velocity_y
вас,0.17999999999994998,9.722222222222223,18.75
