word,length,velocity_x,velocity_y
реальность,0.5100000000000051,12.916666666666664,13.541666666666668
