word,length,velocity_x,velocity_y
появиться,0.4500000000000455,16.203703703703702,13.425925925925924
