word,length,velocity_x,velocity_y
бренда,0.6299999999999955,55.0595238095238,33.035714285714285
