word,length,velocity_x,velocity_y
поводов,0.5099999999999909,25.416666666666664,15.833333333333332
