word,length,velocity_x,velocity_y
хрена,0.38999999999998636,14.880952380952378,13.988095238095239
