word,length,velocity_x,velocity_y
политике,0.660000000000025,8.482142857142858,4.761904761904762
