word,length,velocity_x,velocity_y
другой,0.3299999999999841,8.333333333333332,8.680555555555557
