word,length,velocity_x,velocity_y
другой,0.30000000000001137,26.38888888888889,12.5
