word,length,velocity_x,velocity_y
другой,0.2699999999999818,21.25,32.916666666666664
