word,length,velocity_x,velocity_y
другой,0.2999999999999545,9.027777777777777,14.583333333333332
