word,length,velocity_x,velocity_y
другой,0.2400000000000091,9.895833333333334,19.791666666666668
