word,length,velocity_x,velocity_y
какую-нибудь,0.539999999999992,18.75,16.28787878787879
