word,length,velocity_x,velocity_y
какую-нибудь,0.5400000000000205,30.113636363636363,26.51515151515152
