word,length,velocity_x,velocity_y
рынку,0.33782200000001694,8.035714285714286,8.928571428571429
