word,length,velocity_x,velocity_y
рынку,0.44999999999998863,6.25,11.666666666666666
