word,length,velocity_x,velocity_y
вижу,0.2400000000000091,45.833333333333336,25.520833333333332
