word,length,velocity_x,velocity_y
специалистами,0.8015329999998357,7.638888888888889,16.087962962962965
