word,length,velocity_x,velocity_y
компания,0.480000000000004,9.583333333333332,18.125
