word,length,velocity_x,velocity_y
компания,0.4800000000000182,7.5,15.833333333333332
