word,length,velocity_x,velocity_y
компания,0.6300000000001091,5.288461538461539,14.903846153846152
