word,length,velocity_x,velocity_y
компания,0.6300000000001091,9.821428571428571,12.053571428571429
