word,length,velocity_x,velocity_y
компания,0.5399999999999636,8.333333333333332,13.020833333333334
