word,length,velocity_x,velocity_y
что-то,0.38999999999998636,27.083333333333332,17.96875
