word,length,velocity_x,velocity_y
что-то,0.21000000000003638,13.020833333333332,15.104166666666666
