word,length,velocity_x,velocity_y
что-то,0.30000000000001137,30.555555555555554,41.66666666666667
