word,length,velocity_x,velocity_y
что-то,0.3299999999999841,54.86111111111111,20.486111111111114
