word,length,velocity_x,velocity_y
что-то,0.30000000000001137,49.30555555555555,23.611111111111114
