word,length,velocity_x,velocity_y
погнали,0.4800000000000004,20.625,17.291666666666668
