word,length,velocity_x,velocity_y
оптимист,0.5114939999999706,13.446969696969699,28.59848484848485
