word,length,velocity_x,velocity_y
имеет,0.2400000000000091,10.937500000000002,13.541666666666668
