word,length,velocity_x,velocity_y
сети,0.27000000000001023,6.666666666666667,19.58333333333333
