word,length,velocity_x,velocity_y
революцию,0.6000000000000085,9.455128205128206,13.782051282051283
