word,length,velocity_x,velocity_y
большинстве,0.508154999999995,10.625000000000002,25.83333333333333
