word,length,velocity_x,velocity_y
большинстве,0.44999999999998863,11.342592592592595,18.749999999999996
