word,length,velocity_x,velocity_y
хватит,0.3642770000000155,9.821428571428571,24.70238095238095
