word,length,velocity_x,velocity_y
хватит,0.32999999999992724,14.583333333333334,35.06944444444445
