word,length,velocity_x,velocity_y
сначала,0.33421100000009574,20.238095238095237,38.095238095238095
