word,length,velocity_x,velocity_y
метод,0.38999999999998636,6.845238095238095,12.499999999999998
