word,length,velocity_x,velocity_y
хорош,0.3299999999999983,23.958333333333336,20.138888888888886
