word,length,velocity_x,velocity_y
конце,0.269999999999996,10.416666666666666,22.5
