word,length,velocity_x,velocity_y
выбирать,0.4799999999999045,6.875000000000001,26.875
