word,length,velocity_x,velocity_y
габбро,0.42000000000007276,16.927083333333336,28.385416666666664
