word,length,velocity_x,velocity_y
серьёзного,0.6899999999998272,14.166666666666666,29.305555555555557
