word,length,velocity_x,velocity_y
пользоваться,0.5699999999999932,6.944444444444444,14.930555555555555
