word,length,velocity_x,velocity_y
своём,0.269999999999996,9.583333333333332,18.333333333333332
