word,length,velocity_x,velocity_y
своём,0.33413099999995666,22.569444444444443,11.805555555555557
