word,length,velocity_x,velocity_y
взлом,0.4200000000000159,40.97222222222222,27.083333333333332
