word,length,velocity_x,velocity_y
подорожали,1.259999999999991,33.69252873563219,47.557471264367805
