word,length,velocity_x,velocity_y
кроме,0.39000000000000057,9.114583333333332,27.343750000000007
