word,length,velocity_x,velocity_y
кроме,0.4200000000000159,9.25925925925926,29.86111111111111
