word,length,velocity_x,velocity_y
кроме,0.3900000000000432,11.718749999999998,21.354166666666668
