word,length,velocity_x,velocity_y
кроме,0.4199999999999591,14.84375,18.229166666666664
