word,length,velocity_x,velocity_y
кроме,0.38999999999998636,10.937500000000002,10.156249999999998
