word,length,velocity_x,velocity_y
кроме,0.36000000000001364,10.416666666666666,15.178571428571427
