word,length,velocity_x,velocity_y
кроме,0.4500000000000455,11.11111111111111,21.296296296296298
