word,length,velocity_x,velocity_y
пользовался,0.6299999999999955,8.18452380952381,14.136904761904761
