word,length,velocity_x,velocity_y
пользовался,0.6299999999999955,13.62179487179487,16.50641025641026
