word,length,velocity_x,velocity_y
подходит,0.38999999999998636,11.718749999999998,13.541666666666666
