word,length,velocity_x,velocity_y
классно,0.5099999999999909,27.462121212121215,12.878787878787879
