word,length,velocity_x,velocity_y
классно,0.42000000000007276,21.064814814814813,26.620370370370374
