word,length,velocity_x,velocity_y
классно,0.4800000000000182,9.583333333333332,8.333333333333332
