word,length,velocity_x,velocity_y
удобнее,0.3900000000000432,20.833333333333336,26.822916666666668
