word,length,velocity_x,velocity_y
которыми,0.45000000000001705,6.458333333333332,10.208333333333334
