word,length,velocity_x,velocity_y
которыми,0.44999999999998863,7.638888888888889,28.703703703703702
