word,length,velocity_x,velocity_y
зарядку,0.5317969999999832,11.174242424242422,11.742424242424242
