word,length,velocity_x,velocity_y
калифорнии,0.7800000000000011,49.65277777777778,47.10648148148149
