word,length,velocity_x,velocity_y
ветеранов,0.6000000000000227,12.5,20.99358974358974
