word,length,velocity_x,velocity_y
оклад,0.6899999999999409,9.114583333333332,45.18229166666667
