word,length,velocity_x,velocity_y
остальное,0.5699999999999363,16.025641025641026,10.256410256410255
