word,length,velocity_x,velocity_y
она,0.20999999999997954,9.027777777777779,12.5
