word,length,velocity_x,velocity_y
она,0.20999999999997954,18.75,21.52777777777778
