word,length,velocity_x,velocity_y
она,0.21000000000003638,9.027777777777777,13.194444444444445
