word,length,velocity_x,velocity_y
она,0.3300000000000409,10.416666666666668,18.055555555555554
