word,length,velocity_x,velocity_y
затем,0.36000000000001364,7.142857142857142,19.642857142857142
