word,length,velocity_x,velocity_y
стартапы,0.5898339999999962,17.708333333333336,31.944444444444443
