word,length,velocity_x,velocity_y
спросом,0.5099999999999909,19.12878787878788,26.89393939393939
