word,length,velocity_x,velocity_y
спросом,0.5699999999999932,22.743055555555554,31.770833333333332
