word,length,velocity_x,velocity_y
хотя,0.3300000000000125,31.25,13.541666666666666
