word,length,velocity_x,velocity_y
хотя,0.26446300000003475,15.625,35.41666666666667
