word,length,velocity_x,velocity_y
хотя,0.2699999999999818,34.583333333333336,21.25
