word,length,velocity_x,velocity_y
хотя,0.2699999999999818,28.749999999999996,64.58333333333333
