word,length,velocity_x,velocity_y
созданная,0.6899999999999977,9.722222222222223,23.61111111111111
