word,length,velocity_x,velocity_y
подписываться,0.6300000000001091,11.160714285714286,47.17261904761905
