word,length,velocity_x,velocity_y
запредельные,0.7200000000000273,31.510416666666668,15.364583333333332
