word,length,velocity_x,velocity_y
будет,0.29999999999999716,12.916666666666664,29.166666666666664
