word,length,velocity_x,velocity_y
будет,0.18000000000000682,22.916666666666664,21.527777777777775
