word,length,velocity_x,velocity_y
будет,0.2999999999999545,61.25000000000001,10.416666666666668
