word,length,velocity_x,velocity_y
будет,0.3300000000000409,14.930555555555555,29.51388888888889
