word,length,velocity_x,velocity_y
будет,0.29999999999999716,6.597222222222222,12.152777777777777
