word,length,velocity_x,velocity_y
будет,0.2400000000000091,16.666666666666664,9.375
