word,length,velocity_x,velocity_y
будет,0.3381149999999593,13.392857142857146,36.01190476190476
