word,length,velocity_x,velocity_y
цены,0.2999999999999545,16.666666666666668,7.916666666666666
