word,length,velocity_x,velocity_y
системам,0.539999999999992,17.234848484848484,21.780303030303028
