word,length,velocity_x,velocity_y
школы,0.5399999999999636,9.027777777777779,20.486111111111114
