word,length,velocity_x,velocity_y
анонимного,0.75,8.210784313725489,17.034313725490197
