word,length,velocity_x,velocity_y
вплоть,0.3300000000000409,10.763888888888888,11.805555555555557
