word,length,velocity_x,velocity_y
чем,0.27036599999999567,42.08333333333333,24.58333333333333
