word,length,velocity_x,velocity_y
чем,0.21000000000003638,27.777777777777775,28.472222222222225
