word,length,velocity_x,velocity_y
чем,0.29999999999999716,5.416666666666666,22.916666666666664
