word,length,velocity_x,velocity_y
чем,0.2099999999999227,9.895833333333334,21.354166666666664
