word,length,velocity_x,velocity_y
чем,0.1812890000000067,8.333333333333332,11.458333333333332
