word,length,velocity_x,velocity_y
чем,0.18000000000000682,18.75,14.583333333333332
