word,length,velocity_x,velocity_y
чем,0.2099999999999227,8.333333333333332,14.583333333333334
