word,length,velocity_x,velocity_y
настройках,0.5699999999999932,14.903846153846157,22.596153846153843
