word,length,velocity_x,velocity_y
наши,0.30000000000001137,9.027777777777779,12.152777777777779
