word,length,velocity_x,velocity_y
услуга,0.4500590000000102,6.25,11.342592592592592
