word,length,velocity_x,velocity_y
факторы,0.4500000000000455,10.648148148148149,14.35185185185185
