word,length,velocity_x,velocity_y
девятьсот,0.4800000000000182,11.458333333333332,22.916666666666664
