word,length,velocity_x,velocity_y
недавно,0.4799999999999969,13.124999999999998,22.916666666666668
