word,length,velocity_x,velocity_y
рост,0.5399999999999636,18.75,20.833333333333336
