word,length,velocity_x,velocity_y
более,0.5700000000000003,8.680555555555557,15.451388888888888
