word,length,velocity_x,velocity_y
более,0.30000000000001137,11.666666666666666,17.91666666666667
