word,length,velocity_x,velocity_y
более,0.3299999999999841,22.22222222222222,12.5
