word,length,velocity_x,velocity_y
более,0.36000000000001364,4.464285714285714,13.69047619047619
