word,length,velocity_x,velocity_y
более,0.4800000000000182,9.791666666666664,17.916666666666668
