word,length,velocity_x,velocity_y
более,0.3300000000000409,8.333333333333332,17.361111111111114
