word,length,velocity_x,velocity_y
более,0.3208259999999967,13.194444444444445,23.263888888888886
