word,length,velocity_x,velocity_y
более,0.18000000000000682,15.277777777777779,52.77777777777778
