word,length,velocity_x,velocity_y
более,0.3000000000000682,15.624999999999996,14.930555555555555
