word,length,velocity_x,velocity_y
более,0.42000000000007276,8.072916666666668,38.541666666666664
