word,length,velocity_x,velocity_y
более,0.2699999999999818,12.083333333333332,28.749999999999996
