word,length,velocity_x,velocity_y
более,0.4199999999999591,25.260416666666668,16.145833333333332
