word,length,velocity_x,velocity_y
более,0.2700000000000955,14.583333333333334,25.833333333333336
