word,length,velocity_x,velocity_y
более,0.2099999999999227,35.41666666666667,34.72222222222223
