word,length,velocity_x,velocity_y
более,0.599999999999909,22.916666666666664,31.570512820512825
