word,length,velocity_x,velocity_y
более,0.4200000000000159,9.953703703703704,10.879629629629632
