word,length,velocity_x,velocity_y
более,0.2999999999999545,8.75,19.583333333333336
