word,length,velocity_x,velocity_y
разных,0.3599999999999852,16.071428571428566,19.345238095238095
