word,length,velocity_x,velocity_y
разных,0.2699999999999818,7.916666666666666,11.666666666666666
