word,length,velocity_x,velocity_y
весьма,0.2699999999999818,14.583333333333332,15.833333333333332
