word,length,velocity_x,velocity_y
другого,0.5099999999999909,12.12121212121212,14.015151515151517
