word,length,velocity_x,velocity_y
котором,0.3299999999999841,5.902777777777779,12.847222222222221
