word,length,velocity_x,velocity_y
ущерб,0.3900000000000148,21.875,27.864583333333336
