word,length,velocity_x,velocity_y
предположение,0.6299999999999955,10.26785714285714,13.988095238095239
