word,length,velocity_x,velocity_y
эмоции,0.4800000000000182,12.291666666666668,11.458333333333334
