word,length,velocity_x,velocity_y
подняв,0.42000000000007276,28.472222222222225,29.166666666666668
