word,length,velocity_x,velocity_y
налогов,0.5099999999999909,15.151515151515149,18.93939393939394
