word,length,velocity_x,velocity_y
тель-авив,0.5099999999999909,16.856060606060602,15.719696969696972
