word,length,velocity_x,velocity_y
инкогнито,0.6299999999999955,8.18452380952381,19.642857142857146
