word,length,velocity_x,velocity_y
инкогнито,0.5399999999999636,21.180555555555554,9.027777777777777
