word,length,velocity_x,velocity_y
инкогнито,0.6600000000000819,8.194444444444443,8.194444444444445
