word,length,velocity_x,velocity_y
экспорта,0.6299999999999955,8.173076923076923,12.17948717948718
