word,length,velocity_x,velocity_y
экспорта,0.5099999999999909,6.628787878787879,14.393939393939393
