word,length,velocity_x,velocity_y
цифровую,0.539999999999992,25.868055555555554,28.29861111111111
