word,length,velocity_x,velocity_y
поздно,0.42000000000007276,9.114583333333332,6.770833333333333
