word,length,velocity_x,velocity_y
миллиарда,0.5399999999999636,7.386363636363637,14.583333333333332
