word,length,velocity_x,velocity_y
браслетов,0.7200000000000273,5.729166666666668,6.901041666666666
