word,length,velocity_x,velocity_y
нафига,0.4500000000000455,51.157407407407405,16.435185185185183
