word,length,velocity_x,velocity_y
экспедиция,0.6600000000000819,22.172619047619047,11.458333333333336
