word,length,velocity_x,velocity_y
рекламу,0.6900000000000546,10.972222222222221,17.36111111111111
