word,length,velocity_x,velocity_y
участвовать,0.5399999999999991,11.11111111111111,10.416666666666668
