word,length,velocity_x,velocity_y
мю,0.36000000000012733,24.404761904761905,31.25
