word,length,velocity_x,velocity_y
цифра,0.3900000000000432,6.510416666666667,11.71875
