word,length,velocity_x,velocity_y
таких,0.5100000000000477,7.386363636363635,26.515151515151516
