word,length,velocity_x,velocity_y
таких,0.36000000000001364,12.202380952380953,9.523809523809524
