word,length,velocity_x,velocity_y
таких,0.2999999999999545,3.125,6.597222222222222
