word,length,velocity_x,velocity_y
себя,0.2099999999999227,10.416666666666668,33.33333333333333
