word,length,velocity_x,velocity_y
себя,0.3300000000000409,19.444444444444443,38.19444444444445
