word,length,velocity_x,velocity_y
себя,0.27000000000001023,20.0,19.583333333333336
