word,length,velocity_x,velocity_y
одного,0.5099999999999909,8.712121212121213,21.022727272727273
