word,length,velocity_x,velocity_y
абсолютно,0.5400000000000205,10.590277777777777,7.291666666666667
