word,length,velocity_x,velocity_y
собирается,0.5400000000000205,7.765151515151514,14.015151515151517
