word,length,velocity_x,velocity_y
предстоит,0.5399999999999991,10.9375,18.229166666666664
