word,length,velocity_x,velocity_y
жуковский,0.6299999999999955,13.988095238095239,23.06547619047619
