word,length,velocity_x,velocity_y
жуковский,0.6000000000000227,8.814102564102564,20.192307692307693
