word,length,velocity_x,velocity_y
добавить,0.38999999999998636,10.15625,19.010416666666668
