word,length,velocity_x,velocity_y
истории,0.4930369999999584,24.583333333333336,28.333333333333332
