word,length,velocity_x,velocity_y
понимаете,0.5099999999999909,20.0,27.291666666666657
