word,length,velocity_x,velocity_y
понимаете,0.45000000000001705,24.79166666666666,23.958333333333336
