word,length,velocity_x,velocity_y
понимаете,0.4800000000000182,45.00000000000001,26.458333333333332
