word,length,velocity_x,velocity_y
понимаете,0.599999999999909,38.78205128205128,33.81410256410256
