word,length,velocity_x,velocity_y
понимаете,0.4500000000000455,12.291666666666664,11.875000000000002
