word,length,velocity_x,velocity_y
понимаете,0.4799999999999045,28.54166666666667,27.708333333333336
