word,length,velocity_x,velocity_y
понимаете,0.4800000000000182,15.625,24.58333333333333
