word,length,velocity_x,velocity_y
понимаете,0.5399999999999636,19.318181818181817,7.386363636363637
