word,length,velocity_x,velocity_y
стволов,0.4500000000000455,28.47222222222222,25.231481481481488
