word,length,velocity_x,velocity_y
догоняю,0.4500000000000455,11.875000000000002,12.083333333333336
