word,length,velocity_x,velocity_y
снимут,0.5399999999999636,4.734848484848484,9.090909090909092
