word,length,velocity_x,velocity_y
третьего,0.5399999999999636,5.113636363636364,7.007575757575755
