word,length,velocity_x,velocity_y
оформлять,0.4427339999999731,8.796296296296296,13.194444444444445
