word,length,velocity_x,velocity_y
прошлый,0.36000000000001364,11.904761904761905,12.202380952380953
