word,length,velocity_x,velocity_y
исследовать,0.7502010000000041,6.862745098039216,32.720588235294116
