word,length,velocity_x,velocity_y
исследовать,0.5399999999999636,7.954545454545454,23.67424242424243
