word,length,velocity_x,velocity_y
двенадцатом,0.5099999999999909,8.125000000000002,13.333333333333334
