word,length,velocity_x,velocity_y
ะบ,0.39000000000000057,15.364583333333334,13.802083333333334
