word,length,velocity_x,velocity_y
колец,0.5099999999999909,11.931818181818182,18.75
