word,length,velocity_x,velocity_y
будем,0.21000000000003638,13.888888888888888,9.027777777777777
