word,length,velocity_x,velocity_y
займётся,0.5700000000000003,11.284722222222221,14.930555555555555
