word,length,velocity_x,velocity_y
личное,0.2699999999999818,41.25,41.666666666666664
