word,length,velocity_x,velocity_y
никак,0.2699999999999818,12.083333333333332,19.583333333333336
