word,length,velocity_x,velocity_y
никак,0.2400000000000091,6.25,19.791666666666664
