word,length,velocity_x,velocity_y
составляет,0.5711719999999332,5.902777777777779,11.631944444444446
