word,length,velocity_x,velocity_y
китай,0.4499999999999318,8.333333333333332,12.73148148148148
