word,length,velocity_x,velocity_y
зависит,0.36000000000001364,5.654761904761905,22.916666666666668
