word,length,velocity_x,velocity_y
есть,0.15000000000000568,10.416666666666666,29.166666666666664
