word,length,velocity_x,velocity_y
есть,0.3300000000000409,19.940476190476193,40.773809523809526
