word,length,velocity_x,velocity_y
есть,0.18000000000006366,15.972222222222223,25.694444444444443
