word,length,velocity_x,velocity_y
есть,0.209999999999809,55.55555555555555,14.583333333333334
