word,length,velocity_x,velocity_y
есть,0.2699999999999818,12.499999999999996,12.5
