word,length,velocity_x,velocity_y
есть,0.2699999999999818,16.249999999999996,19.583333333333332
