word,length,velocity_x,velocity_y
есть,0.3599999999999852,21.428571428571427,25.0
