word,length,velocity_x,velocity_y
есть,0.27000000000003865,6.25,11.666666666666666
