word,length,velocity_x,velocity_y
нью-йоркской,0.5099999999999909,3.75,13.958333333333334
