word,length,velocity_x,velocity_y
говорил,0.3300000000000125,22.569444444444443,65.97222222222221
