word,length,velocity_x,velocity_y
применения,0.5699999999999363,7.638888888888889,11.631944444444443
