word,length,velocity_x,velocity_y
вырастут,0.6000000000001364,12.01923076923077,14.102564102564102
