word,length,velocity_x,velocity_y
музыканта,0.6000000000000227,10.897435897435896,16.185897435897434
