word,length,velocity_x,velocity_y
интернета,0.6000000000000227,8.974358974358974,24.67948717948718
