word,length,velocity_x,velocity_y
специалист,0.4200000000000159,9.25925925925926,12.73148148148148
