word,length,velocity_x,velocity_y
каждое,0.4199999999999591,7.4074074074074066,10.185185185185185
