word,length,velocity_x,velocity_y
наша,0.38999999999998636,5.46875,14.583333333333332
