word,length,velocity_x,velocity_y
здорово,0.38999999999998636,23.697916666666664,19.010416666666664
