word,length,velocity_x,velocity_y
здорово,0.4499999999998181,31.874999999999996,13.333333333333334
