word,length,velocity_x,velocity_y
здорово,0.4199999999998454,34.02777777777778,24.07407407407408
