word,length,velocity_x,velocity_y
мире,0.240000000000002,11.979166666666666,35.41666666666667
