word,length,velocity_x,velocity_y
марсохода,0.6000000000000014,8.333333333333334,12.339743589743591
