word,length,velocity_x,velocity_y
марсохода,0.6899999999999977,8.194444444444446,15.416666666666668
