word,length,velocity_x,velocity_y
самая,0.2699999999999818,9.375000000000002,16.145833333333336
