word,length,velocity_x,velocity_y
ссылкам,0.5099999999999909,37.87878787878788,31.060606060606062
