word,length,velocity_x,velocity_y
данным,0.3000000000000682,17.361111111111114,24.65277777777778
