word,length,velocity_x,velocity_y
молоко,0.5400000000000773,13.715277777777779,13.194444444444445
