word,length,velocity_x,velocity_y
научитесь,0.5400000000000205,17.99242424242424,20.454545454545457
