word,length,velocity_x,velocity_y
показатель,0.6000000000000227,4.967948717948718,8.974358974358974
