word,length,velocity_x,velocity_y
если,0.30000000000001137,7.986111111111111,9.027777777777779
