word,length,velocity_x,velocity_y
если,0.18000000000000682,56.94444444444445,39.58333333333333
