word,length,velocity_x,velocity_y
если,0.35999999999989996,15.773809523809526,47.023809523809526
