word,length,velocity_x,velocity_y
если,0.2999999999999545,8.333333333333332,35.06944444444444
