word,length,velocity_x,velocity_y
если,0.2534769999999753,66.66666666666667,21.875
