word,length,velocity_x,velocity_y
если,0.28517599999997856,28.333333333333332,35.0
