word,length,velocity_x,velocity_y
если,0.3299999999999841,7.638888888888889,10.416666666666668
