word,length,velocity_x,velocity_y
если,0.4200000000000159,7.8125,20.572916666666664
