word,length,velocity_x,velocity_y
если,0.2699999999999818,12.5,16.145833333333336
