word,length,velocity_x,velocity_y
если,0.36000000000001364,10.714285714285712,12.202380952380953
