word,length,velocity_x,velocity_y
если,0.2699999999999818,7.5,7.083333333333333
