word,length,velocity_x,velocity_y
если,0.21000000000003638,22.222222222222225,50.69444444444444
