word,length,velocity_x,velocity_y
этого,0.3599999999999852,30.059523809523807,38.0952380952381
