word,length,velocity_x,velocity_y
этого,0.23999999999995225,16.145833333333332,21.875
