word,length,velocity_x,velocity_y
этого,0.2699999999999818,12.083333333333332,17.083333333333332
