word,length,velocity_x,velocity_y
этого,0.20999999999999908,6.944444444444444,30.555555555555554
