word,length,velocity_x,velocity_y
сложно,0.2699999999999818,10.416666666666668,17.5
