word,length,velocity_x,velocity_y
налогообложения,1.0499999999999545,6.07638888888889,11.197916666666664
