word,length,velocity_x,velocity_y
числом,0.4199999999999591,9.722222222222223,11.574074074074076
