word,length,velocity_x,velocity_y
хуже,0.3003519999999753,24.652777777777775,21.527777777777775
