word,length,velocity_x,velocity_y
строим,0.38999999999987267,9.375,15.104166666666666
