word,length,velocity_x,velocity_y
гибких,0.5099999999999909,23.863636363636367,13.068181818181818
