word,length,velocity_x,velocity_y
трудовые,0.4500000000000455,10.185185185185185,13.425925925925924
