word,length,velocity_x,velocity_y
смысла,0.2999999999999545,11.805555555555557,11.111111111111112
