word,length,velocity_x,velocity_y
политика,0.4199999999999591,19.675925925925924,38.19444444444444
