word,length,velocity_x,velocity_y
лету,0.42357399999991685,9.375,38.02083333333333
