word,length,velocity_x,velocity_y
криками,0.3566310000000499,11.607142857142858,21.726190476190478
