word,length,velocity_x,velocity_y
галстуки,0.6900000000000546,8.472222222222221,9.444444444444443
