word,length,velocity_x,velocity_y
темпе,0.36000000000001364,12.202380952380953,14.583333333333334
