word,length,velocity_x,velocity_y
нормально,0.6599999999998545,16.517857142857142,12.351190476190474
