word,length,velocity_x,velocity_y
занизить,0.6299999999999955,14.743589743589741,8.974358974358974
