word,length,velocity_x,velocity_y
работает,0.44999999999998863,10.879629629629632,15.509259259259256
