word,length,velocity_x,velocity_y
личностью,0.5099999999999909,30.41666666666667,13.333333333333336
