word,length,velocity_x,velocity_y
стоимость,0.4199999999998454,11.71875,20.572916666666664
