word,length,velocity_x,velocity_y
шахматах,0.599999999999909,13.782051282051283,32.371794871794876
