word,length,velocity_x,velocity_y
того,0.35999999999999943,12.79761904761905,33.333333333333336
