word,length,velocity_x,velocity_y
того,0.2400000000000091,10.937499999999998,27.604166666666668
