word,length,velocity_x,velocity_y
того,0.21000000000003638,15.625,10.416666666666668
