word,length,velocity_x,velocity_y
того,0.2699999999999818,4.583333333333332,35.0
