word,length,velocity_x,velocity_y
того,0.2400000000000091,6.25,22.395833333333332
