word,length,velocity_x,velocity_y
того,0.2999999999999545,6.944444444444444,9.027777777777777
