word,length,velocity_x,velocity_y
того,0.2700000000000031,14.166666666666666,10.416666666666668
