word,length,velocity_x,velocity_y
того,0.1799999999999926,7.291666666666666,6.25
