word,length,velocity_x,velocity_y
того,0.14999999999997726,14.583333333333332,13.541666666666666
