word,length,velocity_x,velocity_y
того,0.14999999999997726,33.33333333333333,27.083333333333332
