word,length,velocity_x,velocity_y
того,0.3599999999999568,7.738095238095237,12.5
