word,length,velocity_x,velocity_y
того,0.2699999999999818,12.916666666666668,10.416666666666668
