word,length,velocity_x,velocity_y
того,0.20999999999997954,36.979166666666664,23.4375
