word,length,velocity_x,velocity_y
того,0.30000000000001137,12.847222222222221,15.972222222222221
