word,length,velocity_x,velocity_y
того,0.32999999999992724,14.583333333333334,20.238095238095237
