word,length,velocity_x,velocity_y
того,0.2099999999999227,52.77777777777778,30.555555555555557
