word,length,velocity_x,velocity_y
того,0.18000000000006366,4.166666666666666,27.083333333333336
