word,length,velocity_x,velocity_y
того,0.21000000000003638,11.111111111111112,11.111111111111112
