word,length,velocity_x,velocity_y
того,0.2400000000000091,33.333333333333336,16.666666666666664
