word,length,velocity_x,velocity_y
использовать,0.5399999999999636,12.12121212121212,14.015151515151517
