word,length,velocity_x,velocity_y
использовать,0.4800000000000182,30.625000000000004,26.041666666666664
