word,length,velocity_x,velocity_y
этот,0.1200000000000001,14.583333333333334,22.916666666666664
