word,length,velocity_x,velocity_y
спускаться,0.8700000000000045,15.52083333333333,23.541666666666668
