word,length,velocity_x,velocity_y
платежей,0.5100000000001046,16.47727272727273,19.6969696969697
