word,length,velocity_x,velocity_y
отсутствие,0.9600000000000364,13.731060606060607,37.784090909090914
