word,length,velocity_x,velocity_y
отсутствие,0.7200000000000273,8.854166666666668,21.874999999999996
