word,length,velocity_x,velocity_y
хорошо,0.3767689999999675,9.374999999999998,18.489583333333336
