word,length,velocity_x,velocity_y
хорошо,0.5099999999999909,9.375,8.958333333333332
