word,length,velocity_x,velocity_y
полугодие,0.5399999999999636,12.689393939393941,10.795454545454545
