word,length,velocity_x,velocity_y
долгое,0.57000000000005,7.465277777777778,9.54861111111111
