word,length,velocity_x,velocity_y
амазон,0.6300000000001091,18.898809523809526,29.910714285714285
