word,length,velocity_x,velocity_y
амазон,0.5099999999999909,16.85606060606061,21.21212121212121
