word,length,velocity_x,velocity_y
выдоха,0.5099999999999909,6.060606060606061,20.07575757575757
