word,length,velocity_x,velocity_y
энтерпрайз,0.4800000000000182,15.000000000000002,13.958333333333334
