word,length,velocity_x,velocity_y
совершенно,0.7200000000000273,9.895833333333332,31.640624999999993
