word,length,velocity_x,velocity_y
только,0.2699999999999818,81.25,60.83333333333333
