word,length,velocity_x,velocity_y
только,0.4200000000000159,20.601851851851848,18.749999999999996
