word,length,velocity_x,velocity_y
только,0.2400000000000091,11.458333333333332,7.8125
