word,length,velocity_x,velocity_y
только,0.4500000000000455,67.36111111111111,34.49074074074075
