word,length,velocity_x,velocity_y
только,0.35999999999989996,12.500000000000004,29.464285714285715
