word,length,velocity_x,velocity_y
равных,0.5099999999999909,9.46969696969697,16.666666666666668
