word,length,velocity_x,velocity_y
примерно,0.6599999999999682,20.416666666666668,17.77777777777778
