word,length,velocity_x,velocity_y
разработали,0.6299999999999955,7.88690476190476,17.113095238095237
