word,length,velocity_x,velocity_y
разработали,0.6000000000000227,7.532051282051282,15.384615384615385
