word,length,velocity_x,velocity_y
выпусками,0.6000000000001364,8.974358974358978,13.782051282051281
