word,length,velocity_x,velocity_y
трёх,0.6900000000000546,20.27777777777778,66.66666666666666
