word,length,velocity_x,velocity_y
услуги,0.7047069999999849,25.277777777777782,11.11111111111111
