word,length,velocity_x,velocity_y
джоуи,0.36000000000001364,12.499999999999998,29.464285714285715
