word,length,velocity_x,velocity_y
разработчиков,0.8100000000000023,40.89912280701754,25.767543859649127
