word,length,velocity_x,velocity_y
разработчиков,0.6545800000000099,24.58333333333334,28.47222222222222
