word,length,velocity_x,velocity_y
разработчиков,0.8099999999999454,11.805555555555555,26.388888888888896
