word,length,velocity_x,velocity_y
разработчиков,0.8100000000000023,4.824561403508771,12.171052631578947
