word,length,velocity_x,velocity_y
разработчиков,0.6899999999999977,20.572916666666668,24.21875
