word,length,velocity_x,velocity_y
разработчиков,0.6900000000000546,8.333333333333332,12.22222222222222
