word,length,velocity_x,velocity_y
формата,0.539999999999992,39.40972222222223,15.45138888888889
