word,length,velocity_x,velocity_y
блэк,0.45000000000001705,7.870370370370369,8.333333333333332
