word,length,velocity_x,velocity_y
разместившись,0.7799999999999727,11.27450980392157,11.27450980392157
