word,length,velocity_x,velocity_y
неожиданно,0.7200000000000273,31.640625000000007,31.770833333333325
