word,length,velocity_x,velocity_y
на,0.120000000000001,10.416666666666668,16.666666666666664
