word,length,velocity_x,velocity_y
на,0.3299999999999983,13.392857142857142,35.41666666666667
