word,length,velocity_x,velocity_y
на,0.09000000000003183,22.916666666666664,50.0
