word,length,velocity_x,velocity_y
на,0.14999999999997726,27.083333333333332,29.166666666666668
