word,length,velocity_x,velocity_y
на,0.21000000000003638,41.66666666666667,17.361111111111114
