word,length,velocity_x,velocity_y
на,0.18000000000006366,15.625,14.583333333333334
