word,length,velocity_x,velocity_y
на,0.3000000000000682,10.416666666666668,25.694444444444446
