word,length,velocity_x,velocity_y
на,0.2400000000000091,7.291666666666667,9.895833333333332
