word,length,velocity_x,velocity_y
на,0.2400000000000091,10.416666666666668,7.8125
