word,length,velocity_x,velocity_y
на,0.15320800000000645,29.166666666666664,14.583333333333334
