word,length,velocity_x,velocity_y
на,0.18000000000006366,104.16666666666667,28.125
