word,length,velocity_x,velocity_y
на,0.11999999999989086,31.25,27.083333333333332
