word,length,velocity_x,velocity_y
на,0.09000000000014552,4.166666666666666,8.333333333333332
