word,length,velocity_x,velocity_y
на,0.11999999999989086,27.083333333333332,10.416666666666668
