word,length,velocity_x,velocity_y
на,0.18000000000006366,7.638888888888889,13.194444444444445
