word,length,velocity_x,velocity_y
на,0.11999999999989086,2.083333333333333,70.83333333333334
