word,length,velocity_x,velocity_y
на,0.1799999999998363,30.208333333333336,11.458333333333332
