word,length,velocity_x,velocity_y
на,0.3599999999999568,10.714285714285714,19.047619047619047
