word,length,velocity_x,velocity_y
на,0.11999999999999034,6.25,8.333333333333332
