word,length,velocity_x,velocity_y
на,0.15000000000000568,7.291666666666667,6.25
