word,length,velocity_x,velocity_y
на,0.12000000000000455,10.416666666666668,27.083333333333332
