word,length,velocity_x,velocity_y
на,0.1199999999999477,22.916666666666664,27.083333333333332
