word,length,velocity_x,velocity_y
на,0.18000000000000682,4.861111111111112,19.444444444444446
