word,length,velocity_x,velocity_y
на,0.12000000000000455,20.833333333333336,45.83333333333333
