word,length,velocity_x,velocity_y
на,0.1500000000000341,15.625,29.166666666666664
