word,length,velocity_x,velocity_y
на,0.12000000000000455,2.083333333333333,8.333333333333332
