word,length,velocity_x,velocity_y
на,0.12000000000000455,10.416666666666668,20.833333333333336
