word,length,velocity_x,velocity_y
на,0.1155469999999923,12.5,22.916666666666664
