word,length,velocity_x,velocity_y
на,0.18000000000006366,4.861111111111112,4.166666666666666
