word,length,velocity_x,velocity_y
на,0.11999999999989086,18.75,35.41666666666667
