word,length,velocity_x,velocity_y
на,0.21000000000003638,5.555555555555555,7.638888888888889
