word,length,velocity_x,velocity_y
на,0.14999999999997726,2.083333333333333,7.291666666666667
