word,length,velocity_x,velocity_y
на,0.14999999999997726,5.208333333333333,16.666666666666664
