word,length,velocity_x,velocity_y
на,0.14999999999997726,7.291666666666667,15.625
