word,length,velocity_x,velocity_y
на,0.14999999999997726,12.5,33.33333333333333
