word,length,velocity_x,velocity_y
на,0.12000000000000455,14.583333333333334,22.916666666666664
