word,length,velocity_x,velocity_y
на,0.17999999999994998,9.027777777777777,9.722222222222223
