word,length,velocity_x,velocity_y
на,0.11999999999989086,10.416666666666668,6.25
