word,length,velocity_x,velocity_y
на,0.20999999999999375,9.027777777777777,25.0
