word,length,velocity_x,velocity_y
на,0.15000000000000568,34.375,20.833333333333332
