word,length,velocity_x,velocity_y
на,0.11109399999998004,10.416666666666668,33.33333333333333
