word,length,velocity_x,velocity_y
на,0.14999999999997726,9.375,7.291666666666667
