word,length,velocity_x,velocity_y
на,0.16491200000001527,8.333333333333334,12.5
