word,length,velocity_x,velocity_y
на,0.12000000000000455,45.83333333333333,43.75
