word,length,velocity_x,velocity_y
на,0.12000000000000455,18.75,10.416666666666668
