word,length,velocity_x,velocity_y
новостям,0.6299999999999955,65.06410256410257,66.82692307692307
