word,length,velocity_x,velocity_y
новостям,0.4199999999998454,31.48148148148148,26.15740740740741
