word,length,velocity_x,velocity_y
центра,0.35999999999989996,6.547619047619048,10.714285714285714
