word,length,velocity_x,velocity_y
данных,0.4800000000000182,9.791666666666666,11.458333333333332
