word,length,velocity_x,velocity_y
данных,0.44999999999998863,6.481481481481483,18.98148148148148
