word,length,velocity_x,velocity_y
доступ,0.4800000000000182,8.333333333333334,15.833333333333332
