word,length,velocity_x,velocity_y
провести,0.42000000000007276,7.638888888888889,10.185185185185187
