word,length,velocity_x,velocity_y
безопасности,1.0199999999999818,50.9963768115942,18.931159420289855
