word,length,velocity_x,velocity_y
безопасности,0.7199999999999989,9.895833333333334,23.697916666666668
