word,length,velocity_x,velocity_y
безопасности,0.6877290000000187,32.916666666666664,26.666666666666668
