word,length,velocity_x,velocity_y
безопасности,0.75,8.463541666666668,14.192708333333334
