word,length,velocity_x,velocity_y
слышали,0.4199999999999875,31.944444444444443,25.694444444444443
