word,length,velocity_x,velocity_y
слышали,0.36000000000012733,9.821428571428571,8.928571428571429
