word,length,velocity_x,velocity_y
спортклуба,0.7729980000000012,42.279411764705884,34.43627450980392
