word,length,velocity_x,velocity_y
роста,0.660000000000025,13.194444444444445,16.11111111111111
