word,length,velocity_x,velocity_y
роста,0.2999999999999545,15.972222222222223,12.152777777777777
