word,length,velocity_x,velocity_y
роста,0.4800000000000182,8.541666666666666,8.125
