word,length,velocity_x,velocity_y
роста,0.38999999999998636,5.989583333333333,23.958333333333332
