word,length,velocity_x,velocity_y
роста,0.3300000000001546,9.523809523809524,15.178571428571427
