word,length,velocity_x,velocity_y
распространённая,0.660000000000025,12.63888888888889,20.416666666666664
