word,length,velocity_x,velocity_y
рекламы,0.4800000000000182,10.625000000000002,17.708333333333332
