word,length,velocity_x,velocity_y
рекламы,0.4117380000000139,20.572916666666664,21.354166666666668
