word,length,velocity_x,velocity_y
рекламы,0.4800000000000182,25.624999999999996,17.083333333333332
