word,length,velocity_x,velocity_y
страной,0.46628899999996065,27.314814814814813,18.055555555555554
