word,length,velocity_x,velocity_y
подписывайтесь,0.6299999999999955,11.75595238095238,22.321428571428577
