word,length,velocity_x,velocity_y
фабия,0.7799999999999727,44.73039215686274,31.25
