word,length,velocity_x,velocity_y
лучшие,0.38999999999998636,11.011904761904765,21.13095238095238
