word,length,velocity_x,velocity_y
касается,0.4500000000000455,12.5,12.708333333333336
