word,length,velocity_x,velocity_y
касается,0.4500000000000455,10.87962962962963,17.59259259259259
