word,length,velocity_x,velocity_y
касается,0.5999999999999659,11.37820512820513,12.820512820512823
