word,length,velocity_x,velocity_y
касается,0.5400000000000205,7.812499999999998,9.895833333333336
