word,length,velocity_x,velocity_y
большому,0.5099999999999909,11.363636363636362,9.46969696969697
