word,length,velocity_x,velocity_y
большому,0.6000000000000227,62.98076923076922,30.12820512820513
