word,length,velocity_x,velocity_y
там,0.2400000000000091,13.020833333333334,18.229166666666664
