word,length,velocity_x,velocity_y
там,0.30000000000001137,14.166666666666666,57.08333333333333
