word,length,velocity_x,velocity_y
там,0.18000000000000682,18.055555555555557,20.138888888888893
