word,length,velocity_x,velocity_y
десять,0.4500000000000455,12.73148148148148,56.01851851851851
