word,length,velocity_x,velocity_y
десять,0.32999999999992724,22.916666666666664,21.726190476190478
