word,length,velocity_x,velocity_y
десять,0.41999999999999993,6.25,23.84259259259259
