word,length,velocity_x,velocity_y
десять,0.4199999999999591,10.879629629629628,17.12962962962963
