word,length,velocity_x,velocity_y
десять,0.36000000000001364,5.952380952380952,8.333333333333334
