word,length,velocity_x,velocity_y
десять,0.5399999999999636,7.575757575757574,16.47727272727273
