word,length,velocity_x,velocity_y
десять,0.32999999999992724,9.375,10.76388888888889
