word,length,velocity_x,velocity_y
десять,0.39000000000010004,3.3854166666666665,7.03125
