word,length,velocity_x,velocity_y
десять,0.4500000000000455,4.398148148148148,24.07407407407408
