word,length,velocity_x,velocity_y
генерировать,0.6009669999999687,10.416666666666668,28.365384615384613
