word,length,velocity_x,velocity_y
последние,0.5399999999999636,16.145833333333336,16.319444444444446
