word,length,velocity_x,velocity_y
куки,0.39000000000010004,9.523809523809524,19.642857142857142
