word,length,velocity_x,velocity_y
куки,0.4500000000000455,9.027777777777779,24.999999999999993
