word,length,velocity_x,velocity_y
куки,0.36000000000012733,18.75,27.38095238095238
