word,length,velocity_x,velocity_y
процента,0.5699999999999932,6.25,19.09722222222222
