word,length,velocity_x,velocity_y
процента,0.5099999999999909,7.575757575757576,19.696969696969695
