word,length,velocity_x,velocity_y
процента,0.6000000000000227,4.807692307692308,7.692307692307692
