word,length,velocity_x,velocity_y
сводятся,0.5399999999999991,20.454545454545457,20.833333333333336
