word,length,velocity_x,velocity_y
дёргать,0.5099999999999909,37.310606060606055,14.015151515151514
