word,length,velocity_x,velocity_y
иррациональные,0.75,7.552083333333333,12.369791666666666
