word,length,velocity_x,velocity_y
пузырями,0.5699999999999363,22.115384615384613,20.352564102564102
