word,length,velocity_x,velocity_y
судьбе,0.5100000000000051,16.47727272727273,30.871212121212118
