word,length,velocity_x,velocity_y
связанных,0.480000000000004,7.5,15.833333333333332
