word,length,velocity_x,velocity_y
проекте,0.4800000000000182,6.874999999999999,14.583333333333334
