word,length,velocity_x,velocity_y
все-таки,0.3000000000000682,11.25,19.166666666666664
