word,length,velocity_x,velocity_y
практике,0.5099999999999909,8.333333333333332,20.833333333333336
