word,length,velocity_x,velocity_y
ситуацию,0.8100000000000591,14.144736842105262,10.197368421052632
