word,length,velocity_x,velocity_y
сан-франциско,0.9599999999999227,19.12878787878788,14.678030303030305
