word,length,velocity_x,velocity_y
сан-франциско,0.8079930000000104,24.189814814814817,16.435185185185183
