word,length,velocity_x,velocity_y
предпринимаем,0.7199999999999989,18.098958333333336,54.42708333333335
