word,length,velocity_x,velocity_y
сердцебиения,0.8700000000000045,9.166666666666666,20.520833333333336
