word,length,velocity_x,velocity_y
формы,0.38999999999998636,8.59375,11.197916666666666
