word,length,velocity_x,velocity_y
прошлом,0.3299999999999841,15.972222222222223,15.277777777777777
