word,length,velocity_x,velocity_y
прошлом,0.45000000000000284,7.175925925925925,22.685185185185183
