word,length,velocity_x,velocity_y
прошлом,0.4499999999999318,8.333333333333334,9.791666666666664
