word,length,velocity_x,velocity_y
даже,0.5099999999999909,35.98484848484848,25.757575757575758
