word,length,velocity_x,velocity_y
даже,0.2400000000000091,20.312500000000004,50.52083333333333
