word,length,velocity_x,velocity_y
даже,0.3000000000000682,35.76388888888889,35.763888888888886
