word,length,velocity_x,velocity_y
даже,0.2400000000000091,6.770833333333333,14.0625
