word,length,velocity_x,velocity_y
даже,0.3300000000001546,9.027777777777777,28.819444444444443
