word,length,velocity_x,velocity_y
даже,0.23999999999995225,17.708333333333336,10.9375
