word,length,velocity_x,velocity_y
даже,0.2400000000000002,9.895833333333334,50.520833333333336
