word,length,velocity_x,velocity_y
даже,0.23288799999999554,13.020833333333334,19.791666666666664
