word,length,velocity_x,velocity_y
даже,0.4800000000000182,9.166666666666668,11.666666666666666
