word,length,velocity_x,velocity_y
человеческий,0.4800000000000182,10.833333333333336,13.750000000000002
