word,length,velocity_x,velocity_y
двести,0.38999999999998636,15.104166666666666,21.09375
