word,length,velocity_x,velocity_y
двести,0.57000000000005,10.069444444444443,41.31944444444444
