word,length,velocity_x,velocity_y
двести,0.3300000000000409,9.821428571428571,17.857142857142854
