word,length,velocity_x,velocity_y
двести,0.38999999999998636,14.583333333333332,30.208333333333336
