word,length,velocity_x,velocity_y
двести,0.35999999999989996,9.523809523809524,13.095238095238097
