word,length,velocity_x,velocity_y
рекордное,0.7200000000000273,12.5,42.18750000000001
