word,length,velocity_x,velocity_y
прорыв,0.4800000000000182,21.875,18.54166666666667
