word,length,velocity_x,velocity_y
перспектив,0.5099999999999909,9.28030303030303,16.85606060606061
