word,length,velocity_x,velocity_y
открыта,0.4200000000000017,12.037037037037036,36.80555555555556
