word,length,velocity_x,velocity_y
норм,0.4199999999999591,49.21875,35.41666666666666
