word,length,velocity_x,velocity_y
норм,0.39000000000010004,14.322916666666668,26.822916666666664
