word,length,velocity_x,velocity_y
норм,0.3000000000000682,12.916666666666664,27.500000000000004
