word,length,velocity_x,velocity_y
восемнадцать,1.1702339999999936,32.217261904761905,52.827380952380956
