word,length,velocity_x,velocity_y
друг,0.21000000000003638,1.3888888888888888,6.25
