word,length,velocity_x,velocity_y
а,0.14999999999997726,44.79166666666667,7.291666666666667
