word,length,velocity_x,velocity_y
а,0.14999999999997726,12.5,45.83333333333333
