word,length,velocity_x,velocity_y
а,0.11999999999999744,2.083333333333333,16.666666666666664
