word,length,velocity_x,velocity_y
а,0.12000000000000455,10.416666666666668,22.916666666666664
