word,length,velocity_x,velocity_y
а,0.36000000000001364,7.142857142857142,9.226190476190476
