word,length,velocity_x,velocity_y
передать,0.5372350000000097,12.31060606060606,20.64393939393939
