word,length,velocity_x,velocity_y
корнями,0.5399999999999636,7.575757575757576,23.106060606060606
