word,length,velocity_x,velocity_y
плечах,0.47999999999996135,11.875,14.583333333333332
