word,length,velocity_x,velocity_y
функцию,0.4199999999999875,5.208333333333333,13.541666666666666
