word,length,velocity_x,velocity_y
идентифицировать,0.9414110000000164,11.30952380952381,36.011904761904766
