word,length,velocity_x,velocity_y
цель,0.35999999999989996,10.714285714285717,32.44047619047619
