word,length,velocity_x,velocity_y
вот,0.17999999999999972,9.027777777777779,22.22222222222222
