word,length,velocity_x,velocity_y
вот,0.3300000000000409,4.861111111111111,25.000000000000007
