word,length,velocity_x,velocity_y
революция,0.5700000000000074,5.6089743589743595,9.294871794871794
