word,length,velocity_x,velocity_y
революция,0.6299999999999955,6.398809523809525,7.440476190476189
