word,length,velocity_x,velocity_y
фондовой,0.4500000000000455,6.666666666666668,10.20833333333333
