word,length,velocity_x,velocity_y
выберите,0.4499999999999318,12.5,28.47222222222222
