word,length,velocity_x,velocity_y
выпуск,0.35999999999989996,6.547619047619048,13.392857142857142
