word,length,velocity_x,velocity_y
говорим,0.30000000000001137,12.847222222222223,21.52777777777778
