word,length,velocity_x,velocity_y
шахтах,0.5699999999999363,6.597222222222222,11.979166666666668
