word,length,velocity_x,velocity_y
темпами,0.4499999999999318,18.51851851851852,20.37037037037037
