word,length,velocity_x,velocity_y
кожу,0.2699999999999818,5.833333333333333,6.25
