word,length,velocity_x,velocity_y
профессии,0.480000000000004,7.708333333333334,21.458333333333336
