word,length,velocity_x,velocity_y
печаль,0.48082799999997405,8.541666666666666,14.374999999999998
