word,length,velocity_x,velocity_y
ะตั,0.2400000000000091,11.979166666666668,19.270833333333336
