word,length,velocity_x,velocity_y
ะตั,0.2699999999999818,9.166666666666668,15.416666666666668
