word,length,velocity_x,velocity_y
эффективного,0.6431249999999977,5.208333333333333,9.672619047619047
