word,length,velocity_x,velocity_y
тоже,0.30000000000001137,17.5,20.416666666666668
