word,length,velocity_x,velocity_y
аналитический,0.6361820000000193,7.142857142857142,11.309523809523807
