word,length,velocity_x,velocity_y
фига,0.3300000000000125,43.75000000000001,26.041666666666664
