word,length,velocity_x,velocity_y
деле,0.2400000000000091,21.354166666666664,18.229166666666668
