word,length,velocity_x,velocity_y
деле,0.21000000000003638,13.194444444444445,24.305555555555554
