word,length,velocity_x,velocity_y
деле,0.2699999999999818,15.83333333333333,20.833333333333336
