word,length,velocity_x,velocity_y
деле,0.20999999999997954,7.638888888888888,7.638888888888889
