word,length,velocity_x,velocity_y
фактически,0.5400000000000205,23.78472222222222,23.611111111111114
