word,length,velocity_x,velocity_y
фактически,0.5099999999999909,46.969696969696976,34.46969696969697
