word,length,velocity_x,velocity_y
фактически,0.6000000000000227,36.05769230769231,25.160256410256416
