word,length,velocity_x,velocity_y
круг,0.3300000000001546,41.31944444444445,15.277777777777779
