word,length,velocity_x,velocity_y
удивление,0.6599999999999966,9.027777777777777,15.972222222222221
