word,length,velocity_x,velocity_y
работа,0.44999999999998863,12.731481481481483,14.583333333333332
