word,length,velocity_x,velocity_y
работа,0.4500000000000455,8.101851851851853,31.48148148148148
