word,length,velocity_x,velocity_y
одновременно,0.7200000000000273,10.286458333333332,24.479166666666668
