word,length,velocity_x,velocity_y
одновременно,0.8099999999999454,16.447368421052634,15.021929824561406
