word,length,velocity_x,velocity_y
вскоре,0.47999999999996135,14.583333333333334,30.833333333333336
