word,length,velocity_x,velocity_y
здравоохранения,0.9600000000000364,26.231060606060602,18.37121212121212
