word,length,velocity_x,velocity_y
разбираться,0.6299999999999955,51.93452380952381,18.749999999999996
