word,length,velocity_x,velocity_y
выявлять,0.5099999999999909,7.765151515151516,19.507575757575754
