word,length,velocity_x,velocity_y
проще,0.3900000000000432,32.03125,9.114583333333334
