word,length,velocity_x,velocity_y
всех,0.5041699999999878,7.500000000000001,28.12500000000001
