word,length,velocity_x,velocity_y
всех,0.20999999999997954,34.02777777777777,11.805555555555554
