word,length,velocity_x,velocity_y
километров,0.75,7.352941176470589,11.519607843137255
