word,length,velocity_x,velocity_y
уволилась,0.5099999999999909,9.84848484848485,29.545454545454547
