word,length,velocity_x,velocity_y
вблизи,0.36000000000001364,5.654761904761905,11.011904761904761
