word,length,velocity_x,velocity_y
страшно,0.6299999999999955,12.05357142857143,19.196428571428573
