word,length,velocity_x,velocity_y
чему,0.38999999999998636,6.249999999999999,9.895833333333332
