word,length,velocity_x,velocity_y
одно,0.4500000000000455,66.66666666666667,35.416666666666664
