word,length,velocity_x,velocity_y
двадцатый,0.4499999999998181,13.425925925925924,9.722222222222221
