word,length,velocity_x,velocity_y
развиваться,0.6299999999999955,13.782051282051283,18.269230769230766
