word,length,velocity_x,velocity_y
ноте,0.32999999999992724,6.597222222222222,6.944444444444444
