word,length,velocity_x,velocity_y
сидят,0.38238300000000436,13.802083333333334,19.270833333333336
