word,length,velocity_x,velocity_y
следите,0.5399999999999636,12.5,31.628787878787882
