word,length,velocity_x,velocity_y
играют,0.4500000000000455,23.611111111111104,25.925925925925924
