word,length,velocity_x,velocity_y
с,0.1200000000000001,4.166666666666666,102.08333333333333
