word,length,velocity_x,velocity_y
с,0.12000000000000455,14.583333333333334,47.91666666666667
