word,length,velocity_x,velocity_y
с,0.18000000000000682,11.458333333333332,5.208333333333333
