word,length,velocity_x,velocity_y
с,0.22277299999996103,63.19444444444445,31.944444444444446
