word,length,velocity_x,velocity_y
с,0.1199999999999477,6.25,8.333333333333332
