word,length,velocity_x,velocity_y
с,0.08999999999991815,8.333333333333332,18.75
