word,length,velocity_x,velocity_y
чего-то,0.21000000000003638,7.638888888888888,13.194444444444445
