word,length,velocity_x,velocity_y
важна,0.36000000000001364,7.440476190476189,15.178571428571427
