word,length,velocity_x,velocity_y
сообщил,0.4800000000000182,17.708333333333332,21.458333333333336
