word,length,velocity_x,velocity_y
двигатели,0.5999999999999943,5.76923076923077,8.814102564102564
