word,length,velocity_x,velocity_y
вид,0.2400000000000091,6.770833333333334,5.729166666666666
