word,length,velocity_x,velocity_y
вид,0.2400000000000091,9.375000000000002,14.583333333333332
