word,length,velocity_x,velocity_y
алгоритму,0.5399999999999636,12.499999999999998,12.310606060606059
