word,length,velocity_x,velocity_y
карьере,0.5099999999999909,27.84090909090909,16.85606060606061
