word,length,velocity_x,velocity_y
сервисами,0.6299999999999955,9.523809523809526,24.702380952380953
