word,length,velocity_x,velocity_y
девяносто,0.4199999999999591,7.4074074074074066,30.09259259259259
