word,length,velocity_x,velocity_y
девяносто,0.8400000000000318,23.245614035087716,42.982456140350884
