word,length,velocity_x,velocity_y
девяносто,0.6300000000001091,8.333333333333332,18.601190476190474
