word,length,velocity_x,velocity_y
индия,0.6299999999999955,13.942307692307693,25.64102564102564
