word,length,velocity_x,velocity_y
это,0.18000000000000682,10.416666666666666,61.45833333333333
