word,length,velocity_x,velocity_y
это,0.4199999999999875,6.510416666666667,13.28125
