word,length,velocity_x,velocity_y
это,0.15000000000009095,4.166666666666666,23.958333333333336
