word,length,velocity_x,velocity_y
это,0.21000000000003638,15.277777777777777,31.249999999999993
