word,length,velocity_x,velocity_y
это,0.18000000000000682,13.541666666666666,9.375
