word,length,velocity_x,velocity_y
это,0.17422899999999686,6.25,20.833333333333336
