word,length,velocity_x,velocity_y
это,0.2699999999999818,5.208333333333333,9.375000000000002
