word,length,velocity_x,velocity_y
это,0.2699999999999818,12.5,16.250000000000004
