word,length,velocity_x,velocity_y
это,0.17999999999994998,16.666666666666668,40.625
