word,length,velocity_x,velocity_y
это,0.2699999999999818,8.333333333333334,18.229166666666668
