word,length,velocity_x,velocity_y
это,0.18000000000000682,8.333333333333332,22.916666666666668
