word,length,velocity_x,velocity_y
это,0.2999999999999545,4.166666666666666,10.069444444444443
