word,length,velocity_x,velocity_y
это,0.18000000000006366,8.333333333333332,29.86111111111111
