word,length,velocity_x,velocity_y
это,0.2699999999999818,4.687499999999999,8.333333333333332
