word,length,velocity_x,velocity_y
это,0.4199999999999591,7.4074074074074066,14.583333333333337
