word,length,velocity_x,velocity_y
это,0.3000000000000682,9.583333333333334,22.916666666666668
