word,length,velocity_x,velocity_y
это,0.3000000000000682,4.861111111111112,18.75
