word,length,velocity_x,velocity_y
это,0.33000000000000185,13.69047619047619,47.32142857142857
