word,length,velocity_x,velocity_y
это,0.35999999999999943,13.095238095238097,23.214285714285715
