word,length,velocity_x,velocity_y
это,0.1799999999999926,4.166666666666666,19.444444444444443
