word,length,velocity_x,velocity_y
это,0.18000000000000682,26.041666666666668,14.583333333333334
