word,length,velocity_x,velocity_y
это,0.2999999999999545,26.73611111111111,11.111111111111112
