word,length,velocity_x,velocity_y
это,0.4199999999999875,42.361111111111114,36.80555555555556
