word,length,velocity_x,velocity_y
это,0.3299999999999841,18.055555555555554,17.708333333333336
