word,length,velocity_x,velocity_y
это,0.1500000000000341,0.0,26.041666666666668
