word,length,velocity_x,velocity_y
это,0.30000000000001137,7.291666666666667,11.805555555555554
