word,length,velocity_x,velocity_y
это,0.18000000000000682,8.333333333333334,20.833333333333332
