word,length,velocity_x,velocity_y
это,0.12123000000008233,60.416666666666664,31.25
