word,length,velocity_x,velocity_y
это,0.14999999999997726,47.916666666666664,6.25
