word,length,velocity_x,velocity_y
это,0.2699999999999818,16.666666666666668,38.75
