word,length,velocity_x,velocity_y
это,0.2699999999999818,17.1875,49.47916666666667
