word,length,velocity_x,velocity_y
это,0.2400000000000091,27.604166666666668,22.916666666666664
