word,length,velocity_x,velocity_y
это,0.18000000000006366,20.833333333333336,15.972222222222223
