word,length,velocity_x,velocity_y
это,0.2400000000000091,21.354166666666664,7.8125
