word,length,velocity_x,velocity_y
это,0.15000000000009095,26.041666666666668,18.75
