word,length,velocity_x,velocity_y
после,0.30000000000001137,7.638888888888888,12.5
