word,length,velocity_x,velocity_y
пятнадцати,0.6000000000000227,7.852564102564104,9.294871794871797
