word,length,velocity_x,velocity_y
украине,0.4177439999999706,8.333333333333332,6.481481481481481
