word,length,velocity_x,velocity_y
украине,0.4499999999999318,9.722222222222223,31.944444444444443
