word,length,velocity_x,velocity_y
украине,0.4500000000000455,7.638888888888889,23.84259259259259
