word,length,velocity_x,velocity_y
рубеж,0.38999999999998636,4.947916666666666,18.489583333333336
