word,length,velocity_x,velocity_y
знаменитую,0.4800000000000182,13.541666666666668,15.625
