word,length,velocity_x,velocity_y
конкурентных,0.6899999999999977,4.86111111111111,5.555555555555556
