word,length,velocity_x,velocity_y
язык,0.39000000000000057,6.510416666666667,24.739583333333336
