word,length,velocity_x,velocity_y
язык,0.2580030000000022,11.458333333333332,12.499999999999998
