word,length,velocity_x,velocity_y
язык,0.2699999999999818,44.58333333333334,21.666666666666664
