word,length,velocity_x,velocity_y
язык,0.2699999999999818,8.333333333333332,19.583333333333332
