word,length,velocity_x,velocity_y
язык,0.21000000000003638,30.555555555555554,20.833333333333336
