word,length,velocity_x,velocity_y
язык,0.39000000000010004,10.677083333333332,11.197916666666668
