word,length,velocity_x,velocity_y
язык,0.32999999999992724,10.416666666666668,17.708333333333336
