word,length,velocity_x,velocity_y
язык,0.42219699999998284,4.398148148148148,8.796296296296296
