word,length,velocity_x,velocity_y
язык,0.3613480000000209,26.785714285714292,20.23809523809524
