word,length,velocity_x,velocity_y
язык,0.38999999999998636,22.395833333333336,18.229166666666668
