word,length,velocity_x,velocity_y
язык,0.3387599999999793,8.680555555555557,13.194444444444445
