word,length,velocity_x,velocity_y
язык,0.3300000000000409,9.375,14.23611111111111
