word,length,velocity_x,velocity_y
язык,0.36000000000001364,24.404761904761905,17.261904761904763
