word,length,velocity_x,velocity_y
язык,0.3300000000000409,11.30952380952381,21.13095238095238
