word,length,velocity_x,velocity_y
язык,0.3299999999999841,35.41666666666667,21.180555555555557
