word,length,velocity_x,velocity_y
им,0.17999999999994998,7.291666666666667,17.708333333333336
