word,length,velocity_x,velocity_y
жизни,0.36000000000001364,10.416666666666668,9.226190476190476
