word,length,velocity_x,velocity_y
ставьте,0.2999999999999545,7.638888888888889,11.11111111111111
