word,length,velocity_x,velocity_y
горнодобывающая,1.0199999999999818,7.8804347826086945,20.65217391304348
