word,length,velocity_x,velocity_y
статья,0.38999999999998636,3.645833333333333,3.3854166666666665
