word,length,velocity_x,velocity_y
статья,0.6208589999999958,8.814102564102564,28.044871794871796
