word,length,velocity_x,velocity_y
наконец,0.441496999999913,12.500000000000004,33.33333333333333
