word,length,velocity_x,velocity_y
отправят,0.5399999999999991,12.68939393939394,26.325757575757574
