word,length,velocity_x,velocity_y
обеспечивают,0.6899999999999977,7.222222222222223,12.083333333333332
