word,length,velocity_x,velocity_y
странах,0.4800000000000182,6.875000000000001,14.791666666666666
