word,length,velocity_x,velocity_y
минут,0.3300000000000409,10.069444444444443,16.666666666666664
