word,length,velocity_x,velocity_y
разобраться,0.703975000000014,13.333333333333334,16.666666666666668
