word,length,velocity_x,velocity_y
разобраться,0.5699999999999932,8.814102564102564,15.064102564102564
