word,length,velocity_x,velocity_y
американские,0.7200000000000273,7.552083333333333,14.192708333333334
