word,length,velocity_x,velocity_y
американские,0.6599999999999682,5.05952380952381,18.154761904761905
