word,length,velocity_x,velocity_y
выросли,0.39000000000010004,18.489583333333336,33.07291666666667
