word,length,velocity_x,velocity_y
шестьсот,0.5399999999999636,10.9375,22.048611111111107
