word,length,velocity_x,velocity_y
обсуждаем,0.6299999999999999,20.68452380952381,58.92857142857143
