word,length,velocity_x,velocity_y
иной,0.21000000000003638,10.416666666666668,16.666666666666664
