word,length,velocity_x,velocity_y
поможет,0.44022900000004483,6.481481481481483,13.194444444444445
