word,length,velocity_x,velocity_y
сам,0.3000000000000682,9.722222222222221,17.361111111111114
