word,length,velocity_x,velocity_y
проводить,0.5400000000000773,24.0530303030303,20.83333333333333
