word,length,velocity_x,velocity_y
использоваться,0.75,10.294117647058822,11.27450980392157
