word,length,velocity_x,velocity_y
искусственному,0.4800000000000182,12.916666666666664,11.041666666666668
