word,length,velocity_x,velocity_y
причинам,0.4199999999999591,4.861111111111112,12.268518518518517
