word,length,velocity_x,velocity_y
почти,0.39000000000010004,34.375,28.645833333333336
