word,length,velocity_x,velocity_y
почти,0.42000000000007276,23.379629629629626,33.10185185185185
