word,length,velocity_x,velocity_y
почти,0.38999999999998636,9.374999999999998,22.65625
