word,length,velocity_x,velocity_y
государство,0.6000000000000227,8.012820512820513,24.839743589743588
