word,length,velocity_x,velocity_y
профессию,0.6000000000000227,13.62179487179487,38.30128205128205
