word,length,velocity_x,velocity_y
профессию,0.4500000000000455,7.87037037037037,12.731481481481483
