word,length,velocity_x,velocity_y
пятерых,0.57000000000005,102.08333333333333,34.89583333333333
