word,length,velocity_x,velocity_y
сможет,0.44999999999998863,11.875000000000002,15.624999999999996
