word,length,velocity_x,velocity_y
тысячи,0.2699999999999818,8.333333333333334,27.916666666666668
