word,length,velocity_x,velocity_y
тысячи,0.4199999999999591,10.416666666666666,20.13888888888889
