word,length,velocity_x,velocity_y
тысячи,0.3000000000000682,4.583333333333333,12.916666666666664
