word,length,velocity_x,velocity_y
тысячи,0.2699999999999818,9.895833333333334,11.458333333333334
