word,length,velocity_x,velocity_y
тысячи,0.5099999999999909,6.4393939393939394,11.174242424242422
