word,length,velocity_x,velocity_y
тысячи,0.2999999999999545,9.375,14.583333333333332
