word,length,velocity_x,velocity_y
тысячи,0.5699999999999363,8.173076923076923,20.192307692307693
