word,length,velocity_x,velocity_y
тысячи,0.45079099999998107,12.499999999999996,26.851851851851855
