word,length,velocity_x,velocity_y
тысячи,0.36000000000001364,10.416666666666666,11.011904761904765
