word,length,velocity_x,velocity_y
тысячи,0.38999999999998636,10.677083333333332,14.062499999999996
