word,length,velocity_x,velocity_y
тысячи,0.4199999999999591,8.101851851851851,6.944444444444444
