word,length,velocity_x,velocity_y
тысячи,0.2400000000000091,7.812500000000002,22.395833333333336
