word,length,velocity_x,velocity_y
тысячи,0.21000000000003638,6.25,34.02777777777777
