word,length,velocity_x,velocity_y
тысячи,0.3299999999999841,5.902777777777779,20.833333333333336
