word,length,velocity_x,velocity_y
тысячи,0.57000000000005,8.333333333333332,6.597222222222222
