word,length,velocity_x,velocity_y
тысячи,0.3000000000000682,7.986111111111112,11.11111111111111
