word,length,velocity_x,velocity_y
добились,0.44999999999998863,11.11111111111111,22.22222222222222
