word,length,velocity_x,velocity_y
хакеры,0.480000000000004,9.583333333333332,22.5
