word,length,velocity_x,velocity_y
хакеры,0.3900000000000148,15.104166666666666,33.07291666666667
