word,length,velocity_x,velocity_y
хакеры,0.45000000000001705,13.194444444444445,16.666666666666664
