word,length,velocity_x,velocity_y
пишете,0.3299999999999841,15.178571428571427,11.904761904761907
