word,length,velocity_x,velocity_y
проблема,0.4800000000000182,8.958333333333334,8.125
