word,length,velocity_x,velocity_y
узкий,0.4800000000000182,15.0,23.958333333333332
