word,length,velocity_x,velocity_y
большие,0.480000000000004,3.5416666666666665,19.791666666666664
