word,length,velocity_x,velocity_y
большие,0.5593069999999898,10.590277777777779,12.847222222222221
