word,length,velocity_x,velocity_y
сингапуре,0.6791529999999995,22.499999999999996,25.416666666666664
