word,length,velocity_x,velocity_y
четвёртом,0.44999999999998863,4.166666666666667,10.648148148148149
