word,length,velocity_x,velocity_y
сформулировать,0.6900000000000546,18.33333333333333,23.19444444444444
