word,length,velocity_x,velocity_y
сформулировать,0.6299999999999955,22.470238095238095,41.666666666666664
