word,length,velocity_x,velocity_y
да,0.3000000000001819,33.33333333333333,13.333333333333336
