word,length,velocity_x,velocity_y
да,0.21000000000000796,11.979166666666666,10.416666666666668
