word,length,velocity_x,velocity_y
метров,0.42000000000007276,5.324074074074074,13.888888888888893
