word,length,velocity_x,velocity_y
академических,0.7199999999999989,7.552083333333333,15.624999999999996
