word,length,velocity_x,velocity_y
причиной,0.44999999999998863,9.25925925925926,3.9351851851851847
