word,length,velocity_x,velocity_y
знаете,0.3900000000000432,11.458333333333334,5.989583333333334
