word,length,velocity_x,velocity_y
знаете,0.5699999999999932,17.78846153846154,18.269230769230774
