word,length,velocity_x,velocity_y
знаете,0.38999999999998636,70.23809523809523,20.53571428571429
