word,length,velocity_x,velocity_y
знаете,0.3533199999999397,40.476190476190474,34.82142857142858
