word,length,velocity_x,velocity_y
знаете,0.36000000000001364,22.02380952380953,15.178571428571427
