word,length,velocity_x,velocity_y
знаете,0.27000000000003865,10.416666666666668,9.583333333333334
