word,length,velocity_x,velocity_y
платформы,0.6899999999998272,11.249999999999998,27.91666666666667
