word,length,velocity_x,velocity_y
переехать,0.4800000000000182,13.333333333333334,15.833333333333332
