word,length,velocity_x,velocity_y
другие,0.30000000000000426,15.833333333333332,14.583333333333334
