word,length,velocity_x,velocity_y
сильвер,0.4199999999999875,9.953703703703704,13.657407407407407
