word,length,velocity_x,velocity_y
сильвер,0.36000000000001364,8.630952380952381,7.440476190476191
