word,length,velocity_x,velocity_y
алгоритм,0.5424319999999625,17.424242424242426,18.75
