word,length,velocity_x,velocity_y
алгоритм,0.6000000000000227,8.173076923076923,20.03205128205128
