word,length,velocity_x,velocity_y
добросовестно,1.349999999999909,12.825520833333337,35.74218750000001
