word,length,velocity_x,velocity_y
сегодняшний,0.4799999999999969,10.625,31.66666666666667
