word,length,velocity_x,velocity_y
сегодняшний,0.44999999999998863,10.87962962962963,16.435185185185183
