word,length,velocity_x,velocity_y
зацепили,0.5099999999999998,8.712121212121213,12.310606060606064
