word,length,velocity_x,velocity_y
вернёмся,0.4500000000000455,12.708333333333332,22.08333333333333
