word,length,velocity_x,velocity_y
перейдут,0.3299999999999841,19.04761904761905,17.85714285714286
