word,length,velocity_x,velocity_y
дата,0.39000000000010004,7.8125,9.895833333333332
