word,length,velocity_x,velocity_y
счёт,0.23999999999995225,14.583333333333334,19.791666666666664
