word,length,velocity_x,velocity_y
счёт,0.2099999999999227,9.027777777777779,9.722222222222221
