word,length,velocity_x,velocity_y
об,0.20999999999997954,20.312500000000004,36.458333333333336
