word,length,velocity_x,velocity_y
об,0.3300000000000409,26.73611111111111,34.375
