word,length,velocity_x,velocity_y
об,0.18000000000000682,16.666666666666668,44.791666666666664
