word,length,velocity_x,velocity_y
об,0.12000000000000455,0.0,8.333333333333332
