word,length,velocity_x,velocity_y
видео,0.33000000000000185,17.55952380952381,31.845238095238095
