word,length,velocity_x,velocity_y
видео,0.3000000000000682,15.277777777777777,22.222222222222225
