word,length,velocity_x,velocity_y
распространённым,1.0799999999999983,13.583333333333334,12.83333333333333
