word,length,velocity_x,velocity_y
попугаем,0.5100000000000016,13.750000000000002,47.50000000000001
