word,length,velocity_x,velocity_y
побеждать,0.5399999999999636,16.493055555555554,29.861111111111104
