word,length,velocity_x,velocity_y
зеландии,0.5999999999999979,14.102564102564102,13.942307692307693
