word,length,velocity_x,velocity_y
рынок,0.6299999999999955,9.375000000000002,7.440476190476193
