word,length,velocity_x,velocity_y
курсе,0.3578029999999899,16.666666666666668,22.61904761904762
