word,length,velocity_x,velocity_y
зачем,0.47999999999998977,8.958333333333334,29.583333333333332
