word,length,velocity_x,velocity_y
принципе,0.45287099999995917,16.458333333333332,16.875
