word,length,velocity_x,velocity_y
принципе,0.509999999999998,13.068181818181818,16.098484848484848
