word,length,velocity_x,velocity_y
принципе,0.6462010000000191,11.011904761904761,10.416666666666668
