word,length,velocity_x,velocity_y
принципе,0.7799999999999727,10.300925925925927,11.689814814814813
