word,length,velocity_x,velocity_y
принципе,0.5099999999999909,12.5,8.143939393939394
