word,length,velocity_x,velocity_y
стало,0.27000000000001023,6.770833333333333,12.5
