word,length,velocity_x,velocity_y
комментариях,0.5399999999999636,49.242424242424235,16.28787878787879
