word,length,velocity_x,velocity_y
комментариях,0.6299999999999955,21.726190476190474,8.630952380952381
