word,length,velocity_x,velocity_y
недостаток,0.599999999999909,9.775641025641026,10.256410256410255
