word,length,velocity_x,velocity_y
нет,0.21114299999999275,12.5,4.861111111111111
