word,length,velocity_x,velocity_y
нет,0.21000000000003638,56.94444444444445,22.916666666666664
