word,length,velocity_x,velocity_y
нет,0.18000000000006366,54.861111111111114,15.277777777777779
