word,length,velocity_x,velocity_y
нет,0.23999999999999488,48.95833333333333,18.75
