word,length,velocity_x,velocity_y
экспорт,0.36000000000001364,9.226190476190476,15.476190476190474
