word,length,velocity_x,velocity_y
долго,0.49822299999999586,9.375000000000002,10.625
