word,length,velocity_x,velocity_y
драйвер,0.4800000000000182,8.125000000000002,18.958333333333332
