word,length,velocity_x,velocity_y
возглавил,0.6299999999999955,7.738095238095237,24.4047619047619
