word,length,velocity_x,velocity_y
возглавил,0.6899999999999409,9.635416666666666,17.187499999999996
