word,length,velocity_x,velocity_y
назад,0.35999999999999943,14.880952380952381,16.666666666666668
