word,length,velocity_x,velocity_y
общей,0.18000000000006366,10.416666666666666,43.75
