word,length,velocity_x,velocity_y
пишущих,0.4500000000000455,12.03703703703704,13.657407407407407
