word,length,velocity_x,velocity_y
фейсбук,0.42000000000007276,21.614583333333336,14.583333333333332
