word,length,velocity_x,velocity_y
хватает,0.44999999999998863,5.416666666666666,11.874999999999998
