word,length,velocity_x,velocity_y
настраивать,0.6299999999999955,6.0897435897435885,18.910256410256416
