word,length,velocity_x,velocity_y
сложности,0.6000000000000227,7.051282051282051,20.512820512820515
