word,length,velocity_x,velocity_y
сложности,0.5700000000000216,12.82051282051282,11.37820512820513
