word,length,velocity_x,velocity_y
семьсот,0.44037200000002485,20.370370370370374,28.009259259259256
