word,length,velocity_x,velocity_y
определять,0.5400000000000773,8.680555555555557,13.541666666666666
