word,length,velocity_x,velocity_y
меньше,0.29677699999990637,9.166666666666666,20.416666666666668
