word,length,velocity_x,velocity_y
супер,0.5099999999999909,7.708333333333332,6.041666666666668
