word,length,velocity_x,velocity_y
программе,0.35999999999999943,12.5,16.964285714285715
