word,length,velocity_x,velocity_y
основной,0.38999999999998636,8.333333333333332,7.142857142857142
