word,length,velocity_x,velocity_y
основной,0.44374100000004546,10.87962962962963,15.972222222222221
