word,length,velocity_x,velocity_y
правительство,0.6974999999999909,11.328125,13.411458333333337
