word,length,velocity_x,velocity_y
китайских,0.6600000000000819,7.36111111111111,12.36111111111111
