word,length,velocity_x,velocity_y
жизненно,0.38999999999998636,8.072916666666666,14.583333333333332
