word,length,velocity_x,velocity_y
возня,0.39000000000010004,13.28125,18.489583333333336
