word,length,velocity_x,velocity_y
аккаунтов,0.5399999999999636,6.25,15.719696969696969
