word,length,velocity_x,velocity_y
о,0.14999999999997726,16.666666666666664,7.291666666666667
