word,length,velocity_x,velocity_y
о,0.1799999999999926,4.166666666666666,7.638888888888888
