word,length,velocity_x,velocity_y
о,0.36000000000001364,5.357142857142857,4.761904761904762
