word,length,velocity_x,velocity_y
портфолио,0.5400000000000205,18.923611111111114,51.5625
