word,length,velocity_x,velocity_y
помните,0.4486229999999978,13.333333333333336,9.166666666666666
