word,length,velocity_x,velocity_y
киеве,0.540000000000191,7.007575757575757,18.93939393939394
