word,length,velocity_x,velocity_y
опытом,0.36000000000001364,24.702380952380953,24.4047619047619
