word,length,velocity_x,velocity_y
опытом,0.35606000000007043,19.642857142857142,21.726190476190474
