word,length,velocity_x,velocity_y
опытом,0.4200000000000159,6.481481481481481,11.342592592592592
