word,length,velocity_x,velocity_y
моя,0.20999999999999375,1.3888888888888888,20.138888888888893
