word,length,velocity_x,velocity_y
кому-то,0.3300000000000409,19.791666666666664,11.805555555555554
