word,length,velocity_x,velocity_y
кому-то,0.2999999999999545,11.666666666666666,8.75
