word,length,velocity_x,velocity_y
похоже,0.4199999999999946,25.520833333333336,22.916666666666664
