word,length,velocity_x,velocity_y
баланс,0.38999999999998636,18.154761904761905,20.535714285714285
