word,length,velocity_x,velocity_y
создания,0.5099999999999909,13.825757575757574,27.84090909090909
