word,length,velocity_x,velocity_y
игру,0.35999999999989996,14.583333333333334,24.70238095238095
