word,length,velocity_x,velocity_y
увеличить,0.57000000000005,10.590277777777777,23.263888888888886
