word,length,velocity_x,velocity_y
увеличить,0.4500000000000455,13.657407407407407,25.925925925925924
