word,length,velocity_x,velocity_y
сосудов,0.5399999999999636,8.522727272727272,8.90151515151515
