word,length,velocity_x,velocity_y
той,0.21000000000003638,8.333333333333332,11.111111111111112
