word,length,velocity_x,velocity_y
технологий,0.8183030000000002,7.291666666666667,19.444444444444443
