word,length,velocity_x,velocity_y
технологий,0.6900000000000546,13.194444444444445,10.833333333333334
