word,length,velocity_x,velocity_y
технологий,0.5400000000000773,32.46527777777778,17.361111111111114
