word,length,velocity_x,velocity_y
технологий,0.6600000000000819,9.374999999999996,25.446428571428577
