word,length,velocity_x,velocity_y
движения,0.509999999999998,16.04166666666667,25.833333333333336
