word,length,velocity_x,velocity_y
произойти,0.5099999999999909,22.727272727272727,21.21212121212121
