word,length,velocity_x,velocity_y
разведывательных,0.960000000000008,4.734848484848485,14.583333333333334
