word,length,velocity_x,velocity_y
размера,0.45000000000001705,31.944444444444443,26.620370370370367
