word,length,velocity_x,velocity_y
предложили,0.7200000000000273,6.770833333333333,10.807291666666666
