word,length,velocity_x,velocity_y
головами,0.4800000000000182,10.208333333333334,24.791666666666664
