word,length,velocity_x,velocity_y
отблески,0.7200000000000273,17.447916666666668,31.640624999999993
