word,length,velocity_x,velocity_y
для,0.15000000000000568,8.333333333333332,7.291666666666666
