word,length,velocity_x,velocity_y
для,0.16124999999988177,10.416666666666666,25.0
