word,length,velocity_x,velocity_y
для,0.18000000000006366,23.958333333333332,37.5
