word,length,velocity_x,velocity_y
для,0.17999999999999972,4.166666666666666,9.027777777777777
