word,length,velocity_x,velocity_y
для,0.17999999999994998,3.472222222222222,11.111111111111112
