word,length,velocity_x,velocity_y
для,0.17999999999994998,6.25,22.916666666666664
