word,length,velocity_x,velocity_y
для,0.14999999999997726,5.208333333333333,9.375
