word,length,velocity_x,velocity_y
для,0.47999999999998977,12.083333333333332,16.666666666666668
