word,length,velocity_x,velocity_y
для,0.21000000000000796,5.208333333333333,15.104166666666668
