word,length,velocity_x,velocity_y
для,0.36000000000001364,41.36904761904762,83.92857142857143
