word,length,velocity_x,velocity_y
для,0.12000000000000455,4.166666666666666,14.583333333333334
