word,length,velocity_x,velocity_y
для,0.20999999999997954,18.055555555555554,15.277777777777779
