word,length,velocity_x,velocity_y
для,0.14999999999997726,23.958333333333332,21.875
