word,length,velocity_x,velocity_y
для,0.3000000000000682,20.486111111111114,26.73611111111111
