word,length,velocity_x,velocity_y
для,0.21000000000003638,48.95833333333333,25.520833333333332
