word,length,velocity_x,velocity_y
для,0.20999999999997954,13.88888888888889,25.0
