word,length,velocity_x,velocity_y
для,0.660000000000025,33.611111111111114,15.694444444444446
