word,length,velocity_x,velocity_y
для,0.14999999999997726,4.166666666666666,16.666666666666664
