word,length,velocity_x,velocity_y
для,0.18000000000000682,87.5,42.70833333333333
