word,length,velocity_x,velocity_y
для,0.42354499999999007,10.416666666666668,18.98148148148148
