word,length,velocity_x,velocity_y
для,0.3300000000001546,8.035714285714286,18.75
