word,length,velocity_x,velocity_y
для,0.2400000000000091,45.31250000000001,57.29166666666667
