word,length,velocity_x,velocity_y
продвинуться,0.5699999999999932,12.673611111111112,13.368055555555557
