word,length,velocity_x,velocity_y
бороды,0.4500000000000455,36.45833333333333,54.166666666666664
