word,length,velocity_x,velocity_y
месяцев,0.480000000000004,8.333333333333332,16.25
