word,length,velocity_x,velocity_y
режиме,0.38999999999998636,10.416666666666666,21.09375
