word,length,velocity_x,velocity_y
сомневался,0.7948539999999866,8.455882352941176,13.357843137254902
