word,length,velocity_x,velocity_y
триллиона,1.050000000000182,27.83333333333334,40.16666666666666
