word,length,velocity_x,velocity_y
другом,0.2727539999999635,9.583333333333332,16.666666666666664
