word,length,velocity_x,velocity_y
качества,0.5099999999999909,4.791666666666666,11.041666666666668
