word,length,velocity_x,velocity_y
восьмой,0.2999999999999545,23.333333333333332,25.41666666666667
