word,length,velocity_x,velocity_y
такое,0.36000000000001364,12.202380952380953,18.749999999999996
