word,length,velocity_x,velocity_y
такое,0.2400000000000091,49.479166666666664,14.0625
