word,length,velocity_x,velocity_y
такое,0.43620099999998274,9.953703703703704,18.287037037037035
