word,length,velocity_x,velocity_y
такое,0.23999999999995225,23.437500000000004,11.979166666666668
