word,length,velocity_x,velocity_y
альфонс,0.480000000000004,6.666666666666667,15.208333333333332
