word,length,velocity_x,velocity_y
чтобы,0.2400000000000091,17.1875,25.520833333333332
