word,length,velocity_x,velocity_y
чтобы,0.21000000000000085,20.833333333333336,65.97222222222221
