word,length,velocity_x,velocity_y
чтобы,0.18000000000000682,15.972222222222221,14.583333333333334
