word,length,velocity_x,velocity_y
чтобы,0.21000000000000796,26.38888888888889,10.416666666666668
