word,length,velocity_x,velocity_y
чтобы,0.14999999999997726,6.25,27.083333333333332
