word,length,velocity_x,velocity_y
чтобы,0.2966310000000476,5.833333333333333,15.416666666666664
