word,length,velocity_x,velocity_y
чтобы,0.21000000000003638,12.5,10.937500000000002
