word,length,velocity_x,velocity_y
чтобы,0.23718700000006265,11.458333333333334,28.125
