word,length,velocity_x,velocity_y
чтобы,0.2400000000000091,21.354166666666668,16.145833333333336
