word,length,velocity_x,velocity_y
чтобы,0.21000000000003638,27.77777777777778,23.611111111111107
