word,length,velocity_x,velocity_y
чтобы,0.32283699999993587,15.625,17.361111111111114
