word,length,velocity_x,velocity_y
чтобы,0.21000000000003638,10.416666666666668,22.916666666666664
