word,length,velocity_x,velocity_y
чтобы,0.2400000000000091,17.708333333333332,26.5625
