word,length,velocity_x,velocity_y
чтобы,0.18000000000006366,55.208333333333336,18.75
