word,length,velocity_x,velocity_y
чтобы,0.27000000000001023,11.979166666666666,14.583333333333334
