word,length,velocity_x,velocity_y
чтобы,0.32999999999992724,6.944444444444445,17.013888888888886
