word,length,velocity_x,velocity_y
чтобы,0.36000000000001364,8.333333333333332,20.833333333333336
