word,length,velocity_x,velocity_y
мере,0.15000000000000568,8.333333333333334,16.666666666666668
