word,length,velocity_x,velocity_y
мысль,0.4500000000000455,6.481481481481481,10.416666666666668
