word,length,velocity_x,velocity_y
образом,0.4199999999999875,12.760416666666668,17.968749999999996
