word,length,velocity_x,velocity_y
поражает,0.6000000000001364,8.333333333333332,11.217948717948717
