word,length,velocity_x,velocity_y
пещерам,0.7800000000000011,31.74019607843138,40.563725490196084
