word,length,velocity_x,velocity_y
война,0.32999999999992724,15.277777777777779,10.416666666666668
