word,length,velocity_x,velocity_y
любой,0.4199999999999591,9.375,13.541666666666666
