word,length,velocity_x,velocity_y
любой,0.38999999999998636,7.291666666666666,16.927083333333332
