word,length,velocity_x,velocity_y
время,0.36000000000001364,17.857142857142858,28.86904761904762
