word,length,velocity_x,velocity_y
время,0.33000000000000185,7.638888888888888,15.625000000000004
