word,length,velocity_x,velocity_y
время,0.30000000000001137,6.597222222222222,17.361111111111107
