word,length,velocity_x,velocity_y
время,0.41226599999998825,15.509259259259261,21.064814814814817
