word,length,velocity_x,velocity_y
время,0.2999999999999545,6.944444444444445,9.027777777777777
