word,length,velocity_x,velocity_y
отношение,0.38999999999998636,15.624999999999996,8.59375
