word,length,velocity_x,velocity_y
облачных,0.4500000000000455,31.944444444444446,41.89814814814815
