word,length,velocity_x,velocity_y
поверх,0.3299999999999983,21.875,14.23611111111111
