word,length,velocity_x,velocity_y
этим,0.23999999999999488,18.229166666666668,9.895833333333332
