word,length,velocity_x,velocity_y
этим,0.44999999999998863,14.583333333333332,13.194444444444448
