word,length,velocity_x,velocity_y
этим,0.2400000000000091,9.895833333333334,6.770833333333333
