word,length,velocity_x,velocity_y
большинство,0.4800000000000182,8.541666666666666,12.291666666666668
