word,length,velocity_x,velocity_y
большинство,0.539999999999992,7.765151515151516,11.93181818181818
