word,length,velocity_x,velocity_y
штуковина,0.5139839999999936,9.280303030303031,16.666666666666668
