word,length,velocity_x,velocity_y
штуковина,0.5699999999999363,13.141025641025642,8.173076923076923
