word,length,velocity_x,velocity_y
телефон,0.5100000000000193,9.659090909090908,10.606060606060606
