word,length,velocity_x,velocity_y
посмотрим,0.4200000000000159,10.15625,26.302083333333332
