word,length,velocity_x,velocity_y
ум,0.2999999999999545,6.597222222222222,7.638888888888888
