word,length,velocity_x,velocity_y
сдержанного,0.8100000000000023,29.057017543859654,30.153508771929822
