word,length,velocity_x,velocity_y
дома,0.39000000000010004,4.687499999999999,19.791666666666668
