word,length,velocity_x,velocity_y
автоматизировать,0.8399999999999181,9.210526315789474,12.719298245614032
