word,length,velocity_x,velocity_y
обработки,0.5099999999999909,14.77272727272727,35.6060606060606
