word,length,velocity_x,velocity_y
форме,0.42000000000007276,11.458333333333332,22.395833333333336
