word,length,velocity_x,velocity_y
быстро,0.30000000000001137,9.583333333333332,13.750000000000002
