word,length,velocity_x,velocity_y
некоторых,0.4199999999999875,13.194444444444445,29.166666666666668
