word,length,velocity_x,velocity_y
ниша,0.47999999999998977,8.958333333333332,31.874999999999996
