word,length,velocity_x,velocity_y
помощью,0.5099999999999909,10.208333333333334,18.95833333333333
