word,length,velocity_x,velocity_y
просто,0.8700000000000045,4.270833333333334,4.895833333333334
