word,length,velocity_x,velocity_y
просто,0.2400000000000091,26.5625,15.104166666666666
