word,length,velocity_x,velocity_y
публичного,0.6000000000000227,8.333333333333334,16.50641025641026
