word,length,velocity_x,velocity_y
образования,0.5699999999999932,5.381944444444444,12.847222222222221
