word,length,velocity_x,velocity_y
серединка,0.5699999999999932,25.34722222222222,20.65972222222222
