word,length,velocity_x,velocity_y
чемпионов,0.599999999999909,28.685897435897434,33.65384615384615
