word,length,velocity_x,velocity_y
зовут,0.17999999999999972,25.694444444444443,21.52777777777778
