word,length,velocity_x,velocity_y
планах,0.36000000000001364,5.952380952380952,11.011904761904763
