word,length,velocity_x,velocity_y
появился,0.57000000000005,16.319444444444446,27.604166666666664
