word,length,velocity_x,velocity_y
появился,0.7199999999999989,4.166666666666667,11.718749999999998
