word,length,velocity_x,velocity_y
появился,0.5399999999999636,9.469696969696969,14.393939393939394
