word,length,velocity_x,velocity_y
бумаги,0.4199999999998454,9.25925925925926,4.861111111111112
