word,length,velocity_x,velocity_y
сотворить,0.45000000000000284,13.194444444444443,10.648148148148149
