word,length,velocity_x,velocity_y
альфа,0.2999999999999545,11.111111111111112,35.41666666666667
