word,length,velocity_x,velocity_y
альфа,0.21000000000003638,12.5,41.66666666666667
