word,length,velocity_x,velocity_y
альфа,0.32999999999992724,13.194444444444445,24.652777777777775
