word,length,velocity_x,velocity_y
псевдонимами,0.8141020000000481,8.333333333333332,19.212962962962965
