word,length,velocity_x,velocity_y
дать,0.2400000000000091,10.416666666666666,10.416666666666666
