word,length,velocity_x,velocity_y
радио,0.4499999999999318,9.49074074074074,16.89814814814815
