word,length,velocity_x,velocity_y
радио,0.2999999999999545,5.416666666666666,11.666666666666666
