word,length,velocity_x,velocity_y
мифологию,0.75,4.411764705882354,7.4754901960784315
