word,length,velocity_x,velocity_y
самого,0.3300000000000409,34.375,12.152777777777777
