word,length,velocity_x,velocity_y
я,0.39000000000000057,18.154761904761905,23.511904761904763
