word,length,velocity_x,velocity_y
я,0.14999999999999147,16.666666666666664,16.666666666666668
