word,length,velocity_x,velocity_y
я,0.20897500000000946,21.52777777777778,25.694444444444443
