word,length,velocity_x,velocity_y
я,0.21000000000003638,30.555555555555554,18.055555555555557
