word,length,velocity_x,velocity_y
я,0.1908619999999246,31.944444444444446,18.055555555555554
