word,length,velocity_x,velocity_y
я,0.2699999999999818,56.77083333333333,31.770833333333332
