word,length,velocity_x,velocity_y
я,0.3782589999998436,16.071428571428573,25.5952380952381
