word,length,velocity_x,velocity_y
я,0.21000000000003638,28.645833333333336,27.083333333333332
