word,length,velocity_x,velocity_y
я,0.21150900000020556,18.055555555555557,19.444444444444446
