word,length,velocity_x,velocity_y
я,0.3000000000000007,7.916666666666666,28.750000000000004
