word,length,velocity_x,velocity_y
я,0.1799999999999926,12.5,33.33333333333333
