word,length,velocity_x,velocity_y
я,0.1799999999999926,11.11111111111111,38.88888888888889
