word,length,velocity_x,velocity_y
я,0.2699999999999818,9.166666666666668,15.833333333333336
