word,length,velocity_x,velocity_y
я,0.12000000000000455,8.333333333333332,20.833333333333336
