word,length,velocity_x,velocity_y
я,0.2400000000000091,11.458333333333334,18.750000000000004
