word,length,velocity_x,velocity_y
я,0.29463900000001786,5.416666666666666,4.583333333333333
