word,length,velocity_x,velocity_y
я,0.2700000000000955,9.166666666666666,15.0
