word,length,velocity_x,velocity_y
я,0.15000000000000213,10.416666666666668,10.416666666666668
