word,length,velocity_x,velocity_y
я,0.14999999999999858,14.583333333333332,20.833333333333336
