word,length,velocity_x,velocity_y
я,0.12000000000000455,4.166666666666666,37.5
