word,length,velocity_x,velocity_y
я,0.27000000000001023,48.74999999999999,44.58333333333334
