word,length,velocity_x,velocity_y
я,0.12000000000000455,16.666666666666664,52.083333333333336
