word,length,velocity_x,velocity_y
я,0.11780299999998078,4.166666666666666,4.166666666666666
