word,length,velocity_x,velocity_y
я,0.1537789999999859,7.291666666666666,21.875
