word,length,velocity_x,velocity_y
я,0.12000000000000455,60.416666666666664,60.416666666666664
