word,length,velocity_x,velocity_y
я,0.14999999999997726,16.666666666666664,8.333333333333332
