word,length,velocity_x,velocity_y
я,0.1500000000000341,16.666666666666664,14.583333333333334
