word,length,velocity_x,velocity_y
я,0.42000000000007276,13.425925925925927,10.416666666666668
