word,length,velocity_x,velocity_y
я,0.14999999999997726,34.375,22.916666666666664
