word,length,velocity_x,velocity_y
я,0.2099999999999227,27.777777777777775,14.583333333333334
