word,length,velocity_x,velocity_y
я,0.18811500000015258,90.27777777777779,29.166666666666668
