word,length,velocity_x,velocity_y
перейти,0.36000000000001364,13.392857142857142,17.261904761904763
