word,length,velocity_x,velocity_y
перейти,0.2999999999999545,12.499999999999998,9.375
