word,length,velocity_x,velocity_y
акции,0.35999999999989996,5.952380952380952,7.142857142857142
