word,length,velocity_x,velocity_y
стремятся,0.4499999999999318,30.78703703703704,32.63888888888889
