word,length,velocity_x,velocity_y
станки,0.4826660000000089,12.916666666666664,14.583333333333332
