word,length,velocity_x,velocity_y
восьми,0.3599999999999568,7.142857142857142,15.476190476190474
