word,length,velocity_x,velocity_y
хоть,0.1799999999998363,11.11111111111111,15.277777777777777
