word,length,velocity_x,velocity_y
недель,0.39035300000000106,7.8125,16.145833333333336
