word,length,velocity_x,velocity_y
мерида,0.6000000000000014,12.179487179487179,24.198717948717945
