word,length,velocity_x,velocity_y
заводов,0.4565259999999398,24.791666666666664,23.333333333333332
