word,length,velocity_x,velocity_y
внутри,0.30000000000001137,23.749999999999996,28.749999999999996
