word,length,velocity_x,velocity_y
переписывать,0.5400000000000205,34.027777777777786,17.708333333333336
