word,length,velocity_x,velocity_y
они,0.14999999999997726,11.458333333333334,9.375
