word,length,velocity_x,velocity_y
они,0.14999999999997726,4.166666666666666,10.416666666666668
