word,length,velocity_x,velocity_y
они,0.14999999999997726,45.833333333333336,27.083333333333336
