word,length,velocity_x,velocity_y
живёт,0.27000000000001023,11.25,10.833333333333332
