word,length,velocity_x,velocity_y
живёт,0.36000000000001364,6.25,11.607142857142856
