word,length,velocity_x,velocity_y
живёт,0.4200000000000159,14.351851851851851,15.972222222222221
