word,length,velocity_x,velocity_y
живёт,0.36000000000001364,20.833333333333332,31.845238095238095
