word,length,velocity_x,velocity_y
живёт,0.2699999999999818,37.916666666666664,15.833333333333332
