word,length,velocity_x,velocity_y
взрывного,0.6599999999999682,5.833333333333333,14.86111111111111
