word,length,velocity_x,velocity_y
фондовом,0.42000000000007276,15.277777777777779,13.425925925925927
