word,length,velocity_x,velocity_y
выше,0.45000000000000284,6.018518518518518,19.212962962962965
