word,length,velocity_x,velocity_y
никаких,0.4800000000000182,21.666666666666664,14.791666666666664
