word,length,velocity_x,velocity_y
делают,0.4500000000000455,6.458333333333334,9.791666666666666
