word,length,velocity_x,velocity_y
свиноводство,0.8920749999999771,8.63095238095238,15.476190476190476
