word,length,velocity_x,velocity_y
туда,0.3570150000000467,8.92857142857143,12.202380952380953
