word,length,velocity_x,velocity_y
платить,0.39000000000010004,10.416666666666666,9.895833333333332
