word,length,velocity_x,velocity_y
аналогичный,0.6600000000000819,8.779761904761903,14.880952380952378
