word,length,velocity_x,velocity_y
присмотреться,0.605419999999981,12.17948717948718,14.583333333333334
