word,length,velocity_x,velocity_y
миллиона,0.4499999999999318,9.49074074074074,7.4074074074074066
