word,length,velocity_x,velocity_y
десятых,0.4965530000000058,6.249999999999998,12.708333333333332
