word,length,velocity_x,velocity_y
стадии,0.36000000000001364,3.273809523809524,15.178571428571427
