word,length,velocity_x,velocity_y
несколькими,0.6300000000000523,14.880952380952378,10.714285714285714
