word,length,velocity_x,velocity_y
операциях,0.6899999999999977,3.3854166666666665,7.03125
