word,length,velocity_x,velocity_y
добрый,0.5099999999999999,6.25,35.98484848484848
