word,length,velocity_x,velocity_y
расовому,0.6899999999999409,15.624999999999996,18.750000000000004
