word,length,velocity_x,velocity_y
компьютерный,0.6299999999999955,10.267857142857142,12.500000000000004
