word,length,velocity_x,velocity_y
раза,0.5699999999999363,12.5,39.75694444444444
