word,length,velocity_x,velocity_y
во-вторых,0.42000000000007276,32.407407407407405,32.638888888888886
