word,length,velocity_x,velocity_y
во-вторых,0.6299999999999955,9.672619047619047,26.785714285714285
