word,length,velocity_x,velocity_y
пострадали,0.6599999999999966,4.613095238095238,12.648809523809526
