word,length,velocity_x,velocity_y
инфраструктуру,0.7530469999999809,11.151960784313724,13.848039215686276
