word,length,velocity_x,velocity_y
фонтан,0.3802440000000047,9.635416666666668,7.552083333333334
