word,length,velocity_x,velocity_y
лондонского,0.6000000000000227,7.211538461538461,13.141025641025642
