word,length,velocity_x,velocity_y
устраивался,0.57000000000005,11.458333333333332,14.930555555555557
