word,length,velocity_x,velocity_y
вычислительных,0.6899999999999409,12.500000000000004,36.38888888888889
