word,length,velocity_x,velocity_y
которую,0.38999999999998636,9.821428571428571,16.96428571428571
