word,length,velocity_x,velocity_y
круто,0.39000000000010004,28.645833333333336,26.041666666666664
