word,length,velocity_x,velocity_y
неё,0.21000000000003638,61.111111111111114,46.52777777777777
