word,length,velocity_x,velocity_y
неё,0.2699999999999818,28.750000000000004,39.583333333333336
