word,length,velocity_x,velocity_y
глобальных,0.5099999999999909,11.742424242424244,21.022727272727266
