word,length,velocity_x,velocity_y
страны,0.44999999999998863,6.712962962962962,7.87037037037037
