word,length,velocity_x,velocity_y
описанных,0.47999999999996135,19.375,36.04166666666667
