word,length,velocity_x,velocity_y
купил,0.2699999999999818,44.27083333333333,16.145833333333332
