word,length,velocity_x,velocity_y
пилят,0.36000000000001364,16.36904761904762,19.047619047619047
