word,length,velocity_x,velocity_y
окажется,0.38999999999998636,8.928571428571429,8.035714285714286
