word,length,velocity_x,velocity_y
иностранных,0.6300000000000523,9.294871794871794,14.423076923076927
