word,length,velocity_x,velocity_y
кажется,0.3300000000001546,29.51388888888889,20.486111111111114
