word,length,velocity_x,velocity_y
своей,0.2699999999999818,11.25,28.749999999999996
