word,length,velocity_x,velocity_y
шестнадцать,0.6900000000000546,7.916666666666666,15.972222222222221
