word,length,velocity_x,velocity_y
прекратил,0.5699999999999363,14.756944444444445,27.604166666666668
