word,length,velocity_x,velocity_y
целая,0.269999999999996,11.979166666666666,26.041666666666668
