word,length,velocity_x,velocity_y
опять,0.39000000000000057,11.458333333333332,24.739583333333336
