word,length,velocity_x,velocity_y
наркоман,0.42000000000007276,10.416666666666668,16.435185185185187
