word,length,velocity_x,velocity_y
заряжать,0.5699999999999363,5.902777777777777,12.5
