word,length,velocity_x,velocity_y
грудной,0.38999999999998636,7.03125,11.458333333333334
