word,length,velocity_x,velocity_y
будете,0.2999999999999545,27.430555555555557,18.40277777777778
