word,length,velocity_x,velocity_y
будете,0.2699999999999818,85.83333333333331,35.83333333333333
