word,length,velocity_x,velocity_y
значит,0.6600000000000819,11.904761904761905,18.601190476190474
