word,length,velocity_x,velocity_y
значит,0.38999999999998636,7.291666666666666,8.59375
