word,length,velocity_x,velocity_y
значит,0.39000000000010004,10.677083333333332,9.635416666666668
