word,length,velocity_x,velocity_y
попадают,0.4199999999999591,5.729166666666666,15.104166666666668
