word,length,velocity_x,velocity_y
найти,0.36000000000001364,5.059523809523809,9.226190476190474
