word,length,velocity_x,velocity_y
найти,0.30000000000001137,11.458333333333332,17.361111111111114
