word,length,velocity_x,velocity_y
делать,0.4199999999999591,15.046296296296296,17.12962962962963
