word,length,velocity_x,velocity_y
огромное,0.4199999999999591,26.157407407407412,25.0
