word,length,velocity_x,velocity_y
вспомнили,0.480000000000004,9.166666666666668,19.583333333333332
