word,length,velocity_x,velocity_y
шестидесяти,0.6900000000000546,8.61111111111111,17.777777777777775
