word,length,velocity_x,velocity_y
шестидесяти,0.540000000000191,13.636363636363635,24.431818181818183
