word,length,velocity_x,velocity_y
достичь,0.36000000000012733,14.583333333333332,13.988095238095239
