word,length,velocity_x,velocity_y
удалённая,0.6000000000000227,7.692307692307694,18.910256410256412
