word,length,velocity_x,velocity_y
одна,0.3299999999999841,43.05555555555556,17.708333333333336
