word,length,velocity_x,velocity_y
одна,0.2700000000000955,16.666666666666664,22.395833333333332
