word,length,velocity_x,velocity_y
одна,0.2400000000000091,10.416666666666668,20.3125
