word,length,velocity_x,velocity_y
мама,0.3299999999999983,8.680555555555554,11.458333333333332
