word,length,velocity_x,velocity_y
другому,0.38999999999998636,10.416666666666668,28.125
