word,length,velocity_x,velocity_y
шок,0.3300000000000409,4.861111111111111,8.680555555555557
