word,length,velocity_x,velocity_y
чувствительные,0.8375100000000089,18.96929824561403,41.99561403508771
