word,length,velocity_x,velocity_y
действительно,0.6599999999999966,8.928571428571429,17.261904761904763
