word,length,velocity_x,velocity_y
спроса,0.42000000000007276,16.927083333333336,20.052083333333332
