word,length,velocity_x,velocity_y
файлы,0.35999999999989996,16.666666666666668,24.404761904761905
