word,length,velocity_x,velocity_y
файлы,0.35999999999989996,14.583333333333334,22.91666666666667
