word,length,velocity_x,velocity_y
вами,0.20999999999999996,18.75,47.91666666666667
