word,length,velocity_x,velocity_y
вами,0.2400000000000002,8.854166666666668,20.833333333333336
