word,length,velocity_x,velocity_y
вами,0.3599999999999568,7.440476190476191,15.77380952380952
