word,length,velocity_x,velocity_y
тех,0.2400000000000091,20.833333333333336,16.666666666666668
