word,length,velocity_x,velocity_y
присоединилась,0.75,6.862745098039215,11.887254901960782
