word,length,velocity_x,velocity_y
дело,0.2400000000000091,7.8125,11.458333333333332
