word,length,velocity_x,velocity_y
представить,0.660000000000025,20.833333333333332,17.559523809523807
