word,length,velocity_x,velocity_y
грустно,0.5099999999999909,11.553030303030305,14.393939393939394
