word,length,velocity_x,velocity_y
украина,0.660000000000025,6.250000000000002,15.92261904761905
