word,length,velocity_x,velocity_y
украина,0.4500000000000455,7.291666666666667,13.750000000000002
