word,length,velocity_x,velocity_y
будущем,0.5399999999999991,14.409722222222223,21.875
