word,length,velocity_x,velocity_y
соответствующим,0.8400000000000034,8.223684210526317,36.18421052631579
