word,length,velocity_x,velocity_y
новыми,0.35999999999989996,5.357142857142856,10.714285714285714
