word,length,velocity_x,velocity_y
принципов,0.6299999999999955,15.922619047619053,19.791666666666664
