word,length,velocity_x,velocity_y
впервые,0.5399999999999636,7.986111111111112,11.284722222222223
