word,length,velocity_x,velocity_y
впервые,0.6899999999999409,12.5,19.791666666666664
