word,length,velocity_x,velocity_y
обеспечивать,0.7200000000000273,27.34375,34.89583333333333
