word,length,velocity_x,velocity_y
университета,0.6299999999999955,5.505952380952382,9.226190476190476
