word,length,velocity_x,velocity_y
рынка,0.38999999999998636,10.416666666666666,33.333333333333336
