word,length,velocity_x,velocity_y
рынка,0.4199999999999591,17.36111111111111,12.037037037037036
