word,length,velocity_x,velocity_y
привести,0.5399999999999636,6.770833333333333,9.201388888888891
