word,length,velocity_x,velocity_y
появились,0.5100000000000193,8.522727272727273,20.833333333333336
