word,length,velocity_x,velocity_y
ощущение,0.5699999999999363,8.159722222222223,20.833333333333336
