word,length,velocity_x,velocity_y
ощущение,0.5099999999999909,5.492424242424242,12.499999999999996
