word,length,velocity_x,velocity_y
рулить,0.27338399999999297,26.041666666666668,10.9375
