word,length,velocity_x,velocity_y
конкретному,0.7199999999999989,8.203125,13.802083333333334
