word,length,velocity_x,velocity_y
гитары,0.4800000000000182,6.875000000000001,16.041666666666668
