word,length,velocity_x,velocity_y
исходным,0.456356999999997,9.953703703703704,27.777777777777775
