word,length,velocity_x,velocity_y
сообщает,0.6000000000000227,7.051282051282051,20.032051282051285
