word,length,velocity_x,velocity_y
сообщает,0.5399999999999636,6.423611111111111,19.96527777777778
