word,length,velocity_x,velocity_y
между,0.47999999999998977,10.208333333333334,9.583333333333334
