word,length,velocity_x,velocity_y
между,0.36000000000001364,14.285714285714285,15.178571428571427
