word,length,velocity_x,velocity_y
поддержка,0.509999999999998,5.833333333333333,21.458333333333336
