word,length,velocity_x,velocity_y
коллег,0.3900000000000432,10.15625,20.3125
