word,length,velocity_x,velocity_y
понравилось,0.5099999999999909,13.636363636363635,21.96969696969697
