word,length,velocity_x,velocity_y
парке,0.39000000000000057,13.28125,17.708333333333336
