word,length,velocity_x,velocity_y
заниматься,0.4499999999999318,11.342592592592592,12.73148148148148
