word,length,velocity_x,velocity_y
слову,0.4800000000000182,22.083333333333336,33.54166666666667
