word,length,velocity_x,velocity_y
час,0.3299999999999983,8.928571428571429,24.70238095238095
