word,length,velocity_x,velocity_y
час,0.35999999999999943,8.333333333333332,8.035714285714286
