word,length,velocity_x,velocity_y
капитал,0.4199999999999591,20.3125,34.63541666666667
