word,length,velocity_x,velocity_y
профессионалов,0.6600000000000108,20.277777777777775,17.916666666666668
