word,length,velocity_x,velocity_y
пофиг,0.36000000000001364,9.523809523809524,8.630952380952381
