word,length,velocity_x,velocity_y
письмо,0.5099999999999909,20.075757575757578,45.45454545454545
