word,length,velocity_x,velocity_y
серьёзным,0.5099999999999909,9.090909090909092,17.8030303030303
