word,length,velocity_x,velocity_y
остаётся,0.6599999999999966,9.444444444444446,34.583333333333336
