word,length,velocity_x,velocity_y
жертв,0.3300000000000125,14.880952380952378,25.0
