word,length,velocity_x,velocity_y
следует,0.32999999999992724,12.152777777777777,25.34722222222222
