word,length,velocity_x,velocity_y
выпустил,0.599999999999909,8.814102564102564,17.307692307692307
