word,length,velocity_x,velocity_y
выпустить,0.509999999999998,8.143939393939394,25.0
