word,length,velocity_x,velocity_y
прям,0.7200000000000273,8.463541666666668,9.375000000000002
