word,length,velocity_x,velocity_y
прям,0.3870919999999387,30.729166666666664,21.354166666666668
