word,length,velocity_x,velocity_y
вирус,0.3900000000000148,7.03125,8.333333333333334
