word,length,velocity_x,velocity_y
вирус,0.47999999999998977,21.041666666666664,16.458333333333336
