word,length,velocity_x,velocity_y
никакого,0.44792000000001053,15.509259259259261,11.574074074074076
