word,length,velocity_x,velocity_y
фантазия,0.5099999999999909,14.393939393939398,16.098484848484848
