word,length,velocity_x,velocity_y
две,0.2400000000000091,12.5,28.645833333333332
