word,length,velocity_x,velocity_y
две,0.21000000000003638,22.22222222222222,14.583333333333334
