word,length,velocity_x,velocity_y
две,0.18000000000006366,11.11111111111111,6.25
