word,length,velocity_x,velocity_y
две,0.36000000000001364,7.142857142857142,17.26190476190476
