word,length,velocity_x,velocity_y
две,0.15000000000009095,6.25,20.833333333333336
