word,length,velocity_x,velocity_y
две,0.18000000000006366,10.416666666666666,17.708333333333336
