word,length,velocity_x,velocity_y
две,0.16335900000001402,10.416666666666666,13.541666666666666
