word,length,velocity_x,velocity_y
две,0.14999999999986358,39.583333333333336,17.708333333333336
