word,length,velocity_x,velocity_y
две,0.21000000000003638,72.39583333333334,25.0
