word,length,velocity_x,velocity_y
две,0.17999999999994998,8.333333333333334,14.583333333333334
