word,length,velocity_x,velocity_y
две,0.17999999999994998,10.416666666666668,5.208333333333333
