word,length,velocity_x,velocity_y
две,0.2099999999999227,4.687499999999999,8.333333333333334
