word,length,velocity_x,velocity_y
далее,0.2999999999999545,15.416666666666668,10.0
