word,length,velocity_x,velocity_y
далее,0.2400000000000091,26.5625,11.979166666666668
