word,length,velocity_x,velocity_y
далее,0.21000000000000796,13.194444444444445,29.166666666666668
