word,length,velocity_x,velocity_y
далее,0.2400000000000091,11.458333333333332,10.416666666666668
