word,length,velocity_x,velocity_y
клиентов,0.6899999999999977,28.749999999999996,19.305555555555554
