word,length,velocity_x,velocity_y
клиентов,0.599999999999909,7.852564102564102,18.589743589743595
