word,length,velocity_x,velocity_y
клиентов,0.5700000000001637,8.333333333333332,13.194444444444445
