word,length,velocity_x,velocity_y
уже,0.18000000000000682,6.25,21.52777777777778
