word,length,velocity_x,velocity_y
уже,0.2400000000000091,9.895833333333332,7.8125
