word,length,velocity_x,velocity_y
львове,0.5399999999999636,20.454545454545457,17.045454545454543
