word,length,velocity_x,velocity_y
мышь,0.3300000000000409,9.375,16.319444444444446
