word,length,velocity_x,velocity_y
центре,0.3299999999999841,5.208333333333334,21.180555555555554
