word,length,velocity_x,velocity_y
центре,0.38999999999987267,6.547619047619048,17.857142857142858
