word,length,velocity_x,velocity_y
каунти,0.5099999999999909,12.291666666666664,16.458333333333336
