word,length,velocity_x,velocity_y
диапазоне,0.6899999999999977,9.305555555555557,9.166666666666666
