word,length,velocity_x,velocity_y
до,0.2699999999999818,41.25,46.666666666666664
