word,length,velocity_x,velocity_y
до,0.2699999999999818,8.75,18.333333333333336
