word,length,velocity_x,velocity_y
до,0.2699999999999818,13.020833333333334,20.833333333333336
