word,length,velocity_x,velocity_y
до,0.2999999999999545,24.58333333333333,15.833333333333332
