word,length,velocity_x,velocity_y
до,0.12000000000011823,6.25,10.416666666666668
