word,length,velocity_x,velocity_y
удалось,0.539999999999992,7.007575757575759,7.007575757575759
