word,length,velocity_x,velocity_y
высокие,0.5099999999999909,27.651515151515156,36.93181818181818
