word,length,velocity_x,velocity_y
вырастет,0.5099999999999909,7.196969696969696,12.68939393939394
