word,length,velocity_x,velocity_y
вырастет,0.5399999999999636,5.492424242424243,17.045454545454543
