word,length,velocity_x,velocity_y
связи,0.35999999999999943,7.142857142857142,28.57142857142857
