word,length,velocity_x,velocity_y
квартал,0.36000000000001364,7.440476190476189,11.011904761904763
