word,length,velocity_x,velocity_y
зал,0.21000000000000796,10.416666666666668,9.027777777777777
