word,length,velocity_x,velocity_y
живут,0.36000000000001364,11.904761904761905,16.964285714285715
