word,length,velocity_x,velocity_y
история,0.4799999999999045,20.416666666666668,31.25
