word,length,velocity_x,velocity_y
публикации,0.8100000000000591,20.285087719298247,25.548245614035093
