word,length,velocity_x,velocity_y
хочу,0.31031300000000783,9.027777777777779,11.805555555555554
