word,length,velocity_x,velocity_y
хочу,0.2999999999999545,7.986111111111112,36.80555555555556
