word,length,velocity_x,velocity_y
ставить,0.353994000000057,14.583333333333332,28.273809523809522
