word,length,velocity_x,velocity_y
честное,0.36000000000001364,11.607142857142858,15.77380952380952
