word,length,velocity_x,velocity_y
промышленную,0.5999999999999943,8.653846153846155,11.85897435897436
