word,length,velocity_x,velocity_y
правило,0.3300000000000409,9.226190476190476,13.392857142857142
