word,length,velocity_x,velocity_y
правило,0.36000000000001364,22.023809523809526,29.761904761904756
