word,length,velocity_x,velocity_y
потом,0.23999999999995225,4.687499999999999,39.0625
