word,length,velocity_x,velocity_y
потом,0.2699999999999818,7.083333333333333,21.25
