word,length,velocity_x,velocity_y
очевидно,0.5099999999999909,5.113636363636364,9.469696969696969
