word,length,velocity_x,velocity_y
очевидно,0.6599999999999682,17.63888888888889,27.361111111111114
