word,length,velocity_x,velocity_y
очевидно,0.6299999999999955,9.077380952380953,19.196428571428573
