word,length,velocity_x,velocity_y
очевидно,0.6000000000000227,7.852564102564104,21.634615384615387
