word,length,velocity_x,velocity_y
новой,0.2699999999999996,16.25,13.333333333333334
