word,length,velocity_x,velocity_y
основным,0.6600000000000108,11.944444444444445,32.36111111111111
