word,length,velocity_x,velocity_y
наш,0.2400000000000091,8.854166666666668,13.541666666666668
