word,length,velocity_x,velocity_y
исследовании,0.660000000000025,6.666666666666667,13.88888888888889
