word,length,velocity_x,velocity_y
данный,0.30000000000001137,6.666666666666667,13.333333333333336
