word,length,velocity_x,velocity_y
разработки,0.6899999999999977,8.593750000000002,13.802083333333332
