word,length,velocity_x,velocity_y
разработки,0.6000000000000227,6.891025641025641,13.141025641025642
