word,length,velocity_x,velocity_y
поняли,0.4647420000000011,6.874999999999999,9.374999999999998
