word,length,velocity_x,velocity_y
шутка,0.3299999999999841,8.333333333333332,5.208333333333334
