word,length,velocity_x,velocity_y
кто,0.34428199999999265,19.94047619047619,32.142857142857146
