word,length,velocity_x,velocity_y
кто,0.3299999999999841,24.30555555555556,33.33333333333333
