word,length,velocity_x,velocity_y
кто,0.3000000000001819,21.527777777777775,52.083333333333336
