word,length,velocity_x,velocity_y
кто,0.7199999999999989,22.005208333333336,31.380208333333332
