word,length,velocity_x,velocity_y
кто,0.18000000000000682,27.777777777777775,22.22222222222222
