word,length,velocity_x,velocity_y
существенный,0.5699999999999363,10.256410256410257,23.237179487179485
