word,length,velocity_x,velocity_y
шаги,0.36000000000001364,11.904761904761903,18.45238095238095
