word,length,velocity_x,velocity_y
нескольких,0.6899999999999409,9.027777777777777,16.388888888888886
