word,length,velocity_x,velocity_y
знаменательным,1.0799999999999272,13.916666666666663,13.83333333333333
