word,length,velocity_x,velocity_y
забывайте,0.4199999999998454,16.145833333333332,25.260416666666664
