word,length,velocity_x,velocity_y
хреновина,0.4800000000000182,21.25,21.041666666666664
