word,length,velocity_x,velocity_y
лет,0.2999999999999545,20.486111111111114,28.819444444444446
