word,length,velocity_x,velocity_y
лет,0.2699999999999818,18.333333333333332,16.249999999999996
