word,length,velocity_x,velocity_y
лет,0.2999999999999545,10.76388888888889,14.930555555555555
