word,length,velocity_x,velocity_y
лет,0.2400000000000091,15.104166666666666,17.1875
