word,length,velocity_x,velocity_y
лет,0.2099999999999227,13.194444444444445,30.555555555555554
