word,length,velocity_x,velocity_y
лет,0.33000000000000007,5.208333333333334,7.291666666666667
