word,length,velocity_x,velocity_y
лет,0.32999999999992724,6.944444444444445,6.597222222222222
