word,length,velocity_x,velocity_y
необходимые,0.6899999999999977,13.333333333333334,34.02777777777778
