word,length,velocity_x,velocity_y
радоваться,0.5699999999999363,26.282051282051288,39.90384615384615
