word,length,velocity_x,velocity_y
но,0.18000000000000682,47.91666666666667,24.305555555555554
