word,length,velocity_x,velocity_y
но,0.39000000000010004,22.65625,17.447916666666664
