word,length,velocity_x,velocity_y
но,0.2400000000000091,56.25,10.416666666666668
