word,length,velocity_x,velocity_y
но,0.4200000000000017,6.770833333333334,10.677083333333332
