word,length,velocity_x,velocity_y
но,0.3900000000000148,23.958333333333332,23.4375
