word,length,velocity_x,velocity_y
но,0.12000000000000455,8.333333333333332,12.5
