word,length,velocity_x,velocity_y
но,0.21000000000003638,15.972222222222221,14.583333333333334
