word,length,velocity_x,velocity_y
но,0.12000000000000455,22.916666666666664,39.58333333333333
