word,length,velocity_x,velocity_y
целей,0.2699999999999818,9.583333333333332,29.166666666666664
