word,length,velocity_x,velocity_y
возьмётся,0.5099999999999909,14.583333333333334,9.659090909090908
