word,length,velocity_x,velocity_y
дискриминацию,1.0421479999999974,17.70833333333333,46.87500000000001
