word,length,velocity_x,velocity_y
сайтах,0.4800000000000182,8.75,23.125000000000004
