word,length,velocity_x,velocity_y
момент,0.38999999999998636,4.947916666666666,27.34375
