word,length,velocity_x,velocity_y
момент,0.4500000000000455,3.7037037037037033,8.333333333333332
