word,length,velocity_x,velocity_y
момент,0.33399200000000207,13.095238095238093,36.30952380952381
