word,length,velocity_x,velocity_y
момент,0.29561999999999955,9.722222222222221,13.88888888888889
