word,length,velocity_x,velocity_y
момент,0.36000000000001364,8.333333333333332,14.285714285714285
