word,length,velocity_x,velocity_y
других,0.3299999999999841,19.047619047619047,16.964285714285715
