word,length,velocity_x,velocity_y
других,0.33000000000000007,11.11111111111111,34.375
