word,length,velocity_x,velocity_y
других,0.30000000000000426,16.319444444444446,15.625
