word,length,velocity_x,velocity_y
других,0.480000000000004,97.29166666666667,28.125
