word,length,velocity_x,velocity_y
других,0.27000000000001023,16.145833333333336,23.958333333333332
