word,length,velocity_x,velocity_y
других,0.3300000000000125,10.416666666666668,9.027777777777777
