word,length,velocity_x,velocity_y
других,0.3299999999999841,7.986111111111111,15.277777777777779
