word,length,velocity_x,velocity_y
собираетесь,0.4500000000000455,15.740740740740744,29.398148148148145
