word,length,velocity_x,velocity_y
эльдара,0.3600000000000003,11.60714285714286,15.773809523809526
