word,length,velocity_x,velocity_y
различных,0.4033590000000231,8.072916666666666,9.375
