word,length,velocity_x,velocity_y
отдельности,0.5099999999999909,30.681818181818183,14.015151515151514
