word,length,velocity_x,velocity_y
типа,0.2400000000000091,72.91666666666667,30.208333333333332
