word,length,velocity_x,velocity_y
вы,0.3299999999999841,23.958333333333336,18.40277777777778
