word,length,velocity_x,velocity_y
вы,0.12000000000000455,33.33333333333333,20.833333333333336
