word,length,velocity_x,velocity_y
вы,0.12000000000000455,85.41666666666666,56.25
