word,length,velocity_x,velocity_y
вы,0.12000000000011823,22.916666666666664,12.5
