word,length,velocity_x,velocity_y
вы,0.15000000000009095,14.583333333333332,64.58333333333334
