word,length,velocity_x,velocity_y
вы,0.15000000000009095,51.041666666666664,28.125
