word,length,velocity_x,velocity_y
вы,0.12374999999997272,10.416666666666668,10.416666666666668
