word,length,velocity_x,velocity_y
вы,0.12000000000011823,31.25,8.333333333333332
