word,length,velocity_x,velocity_y
вы,0.15000000000000568,29.166666666666668,10.416666666666668
