word,length,velocity_x,velocity_y
вы,0.1987500000000182,31.944444444444443,4.166666666666666
