word,length,velocity_x,velocity_y
вы,0.14999999999997726,63.541666666666664,23.958333333333332
