word,length,velocity_x,velocity_y
вы,0.12000000000000455,22.916666666666664,162.5
