word,length,velocity_x,velocity_y
вы,0.2699999999999818,47.5,34.166666666666664
