word,length,velocity_x,velocity_y
вы,0.09000000000003183,41.66666666666667,4.166666666666666
