word,length,velocity_x,velocity_y
вы,0.12000000000000455,10.416666666666668,12.5
