word,length,velocity_x,velocity_y
жены,0.5699999999999932,5.288461538461538,20.673076923076923
