word,length,velocity_x,velocity_y
жены,0.3599999999999568,6.547619047619048,32.44047619047619
