word,length,velocity_x,velocity_y
компьютерных,0.6600000000000819,9.999999999999996,10.277777777777779
