word,length,velocity_x,velocity_y
интеллекте,0.660000000000025,15.555555555555555,69.16666666666667
