word,length,velocity_x,velocity_y
живого,0.4199999999999591,11.979166666666668,11.718750000000002
