word,length,velocity_x,velocity_y
рассказал,0.5399999999999636,16.85606060606061,21.21212121212121
