word,length,velocity_x,velocity_y
хакера,0.5400000000000063,13.257575757575758,26.893939393939398
