word,length,velocity_x,velocity_y
компаниям,0.6599999999999682,10.833333333333332,28.194444444444443
