word,length,velocity_x,velocity_y
компаниям,0.4800000000000182,9.791666666666666,22.5
