word,length,velocity_x,velocity_y
измеряет,0.6000000000000014,19.070512820512818,16.987179487179485
