word,length,velocity_x,velocity_y
надутыми,0.5699999999999363,40.62500000000001,22.916666666666664
