word,length,velocity_x,velocity_y
выйти,0.2699999999999818,46.25,15.833333333333332
