word,length,velocity_x,velocity_y
выйти,0.30000000000001137,14.166666666666666,11.666666666666666
