word,length,velocity_x,velocity_y
перенесёте,0.5099999999999909,10.037878787878785,19.696969696969695
