word,length,velocity_x,velocity_y
первом,0.36000000000001364,6.547619047619048,11.30952380952381
