word,length,velocity_x,velocity_y
нейронную,0.5099999999999909,22.15909090909091,18.93939393939394
