word,length,velocity_x,velocity_y
человек,0.4200000000000159,6.712962962962962,8.333333333333332
