word,length,velocity_x,velocity_y
человек,0.6299999999999955,9.970238095238095,21.57738095238095
