word,length,velocity_x,velocity_y
человек,0.6299999999999955,5.05952380952381,8.779761904761905
