word,length,velocity_x,velocity_y
человек,0.30000000000001137,13.194444444444443,12.152777777777779
