word,length,velocity_x,velocity_y
поднимать,0.5099999999999909,12.310606060606059,15.909090909090912
