word,length,velocity_x,velocity_y
возглавить,0.6299999999999955,8.928571428571429,21.279761904761905
