word,length,velocity_x,velocity_y
разговор,0.3811520000000428,10.416666666666666,20.238095238095237
