word,length,velocity_x,velocity_y
скажет,0.5100000000000193,8.901515151515154,10.227272727272728
