word,length,velocity_x,velocity_y
новые,0.30000000000001137,8.333333333333334,14.166666666666666
