word,length,velocity_x,velocity_y
новые,0.38999999999998636,4.6875,14.062499999999996
