word,length,velocity_x,velocity_y
рассказать,0.47999999999996135,8.333333333333332,8.541666666666666
