word,length,velocity_x,velocity_y
вышли,0.36342000000000496,41.07142857142857,38.98809523809524
