word,length,velocity_x,velocity_y
проблемы,0.5897749999999746,9.775641025641022,18.750000000000004
