word,length,velocity_x,velocity_y
проблемы,0.5099999999999909,33.71212121212122,30.87121212121212
