word,length,velocity_x,velocity_y
проблемы,0.4499999999999318,13.125,23.958333333333336
