word,length,velocity_x,velocity_y
пятидесяти,0.7200000000000273,10.416666666666668,17.708333333333332
