word,length,velocity_x,velocity_y
пятидесяти,0.6795700000000124,6.805555555555556,12.222222222222221
