word,length,velocity_x,velocity_y
самых,0.36000000000001364,6.25,20.535714285714285
