word,length,velocity_x,velocity_y
поехали,0.5399999999999991,38.25757575757576,13.446969696969695
