word,length,velocity_x,velocity_y
свой,0.2400000000000091,11.979166666666666,17.708333333333336
