word,length,velocity_x,velocity_y
где-нибудь,0.3900000000000432,7.738095238095237,12.5
