word,length,velocity_x,velocity_y
рационом,0.599999999999909,10.897435897435898,27.564102564102562
