word,length,velocity_x,velocity_y
стажем,0.39000000000000057,6.510416666666666,18.229166666666668
