word,length,velocity_x,velocity_y
конечно,0.3299999999999841,12.152777777777777,21.52777777777778
