word,length,velocity_x,velocity_y
фраза,0.4800000000000182,30.208333333333336,23.333333333333332
