word,length,velocity_x,velocity_y
сразу,0.5389160000000288,13.068181818181818,33.90151515151515
