word,length,velocity_x,velocity_y
люди,0.45000000000000284,8.333333333333334,18.51851851851852
