word,length,velocity_x,velocity_y
люди,0.319658000000004,39.23611111111111,51.041666666666664
