word,length,velocity_x,velocity_y
айфона,0.4800000000000182,9.791666666666668,18.958333333333332
