word,length,velocity_x,velocity_y
подведёт,0.45000000000000107,9.953703703703704,36.342592592592595
