word,length,velocity_x,velocity_y
нужно,0.3590920000000324,10.714285714285714,16.666666666666668
