word,length,velocity_x,velocity_y
вменяемых,0.5399999999999636,10.037878787878785,17.613636363636363
